file_name,full_name,project 
BreakpadConfigurer.cpp,/Volumes/GoogleDrive/My Drive/dev/audacity-master/crashreports/BreakpadConfigurer.cpp,audacity
AColor.cpp,/Volumes/GoogleDrive/My Drive/dev/audacity-master/src/AColor.cpp,audacity
AboutDialog.cpp,/Volumes/GoogleDrive/My Drive/dev/audacity-master/src/AboutDialog.cpp,audacity
ActiveProject.cpp,/Volumes/GoogleDrive/My Drive/dev/audacity-master/src/ActiveProject.cpp,audacity
ActiveProjects.cpp,/Volumes/GoogleDrive/My Drive/dev/audacity-master/src/ActiveProjects.cpp,audacity
AdornedRulerPanel.cpp,/Volumes/GoogleDrive/My Drive/dev/audacity-master/src/AdornedRulerPanel.cpp,audacity
AllThemeResources.cpp,/Volumes/GoogleDrive/My Drive/dev/audacity-master/src/AllThemeResources.cpp,audacity
AudacityApp.cpp,/Volumes/GoogleDrive/My Drive/dev/audacity-master/src/AudacityApp.cpp,audacity
AudacityFileConfig.cpp,/Volumes/GoogleDrive/My Drive/dev/audacity-master/src/AudacityFileConfig.cpp,audacity
AudacityHeaders.cpp,/Volumes/GoogleDrive/My Drive/dev/audacity-master/src/AudacityHeaders.cpp,audacity
AudioIO.cpp,/Volumes/GoogleDrive/My Drive/dev/audacity-master/src/AudioIO.cpp,audacity
AudioIOExt.cpp,/Volumes/GoogleDrive/My Drive/dev/audacity-master/src/AudioIOExt.cpp,audacity
AutoRecoveryDialog.cpp,/Volumes/GoogleDrive/My Drive/dev/audacity-master/src/AutoRecoveryDialog.cpp,audacity
BatchCommandDialog.cpp,/Volumes/GoogleDrive/My Drive/dev/audacity-master/src/BatchCommandDialog.cpp,audacity
BatchCommands.cpp,/Volumes/GoogleDrive/My Drive/dev/audacity-master/src/BatchCommands.cpp,audacity
BatchProcessDialog.cpp,/Volumes/GoogleDrive/My Drive/dev/audacity-master/src/BatchProcessDialog.cpp,audacity
Benchmark.cpp,/Volumes/GoogleDrive/My Drive/dev/audacity-master/src/Benchmark.cpp,audacity
CellularPanel.cpp,/Volumes/GoogleDrive/My Drive/dev/audacity-master/src/CellularPanel.cpp,audacity
Clipboard.cpp,/Volumes/GoogleDrive/My Drive/dev/audacity-master/src/Clipboard.cpp,audacity
CommonCommandFlags.cpp,/Volumes/GoogleDrive/My Drive/dev/audacity-master/src/CommonCommandFlags.cpp,audacity
CrashReport.cpp,/Volumes/GoogleDrive/My Drive/dev/audacity-master/src/CrashReport.cpp,audacity
CrossFade.cpp,/Volumes/GoogleDrive/My Drive/dev/audacity-master/src/CrossFade.cpp,audacity
DBConnection.cpp,/Volumes/GoogleDrive/My Drive/dev/audacity-master/src/DBConnection.cpp,audacity
Dependencies.cpp,/Volumes/GoogleDrive/My Drive/dev/audacity-master/src/Dependencies.cpp,audacity
Diags.cpp,/Volumes/GoogleDrive/My Drive/dev/audacity-master/src/Diags.cpp,audacity
Envelope.cpp,/Volumes/GoogleDrive/My Drive/dev/audacity-master/src/Envelope.cpp,audacity
EnvelopeEditor.cpp,/Volumes/GoogleDrive/My Drive/dev/audacity-master/src/EnvelopeEditor.cpp,audacity
FFmpeg.cpp,/Volumes/GoogleDrive/My Drive/dev/audacity-master/src/FFmpeg.cpp,audacity
FileFormats.cpp,/Volumes/GoogleDrive/My Drive/dev/audacity-master/src/FileFormats.cpp,audacity
FreqWindow.cpp,/Volumes/GoogleDrive/My Drive/dev/audacity-master/src/FreqWindow.cpp,audacity
HelpText.cpp,/Volumes/GoogleDrive/My Drive/dev/audacity-master/src/HelpText.cpp,audacity
HistoryWindow.cpp,/Volumes/GoogleDrive/My Drive/dev/audacity-master/src/HistoryWindow.cpp,audacity
ImageManipulation.cpp,/Volumes/GoogleDrive/My Drive/dev/audacity-master/src/ImageManipulation.cpp,audacity
Journal.cpp,/Volumes/GoogleDrive/My Drive/dev/audacity-master/src/Journal.cpp,audacity
JournalEvents.cpp,/Volumes/GoogleDrive/My Drive/dev/audacity-master/src/JournalEvents.cpp,audacity
JournalOutput.cpp,/Volumes/GoogleDrive/My Drive/dev/audacity-master/src/JournalOutput.cpp,audacity
JournalRegistry.cpp,/Volumes/GoogleDrive/My Drive/dev/audacity-master/src/JournalRegistry.cpp,audacity
JournalWindowPaths.cpp,/Volumes/GoogleDrive/My Drive/dev/audacity-master/src/JournalWindowPaths.cpp,audacity
KeyboardCapture.cpp,/Volumes/GoogleDrive/My Drive/dev/audacity-master/src/KeyboardCapture.cpp,audacity
LabelDialog.cpp,/Volumes/GoogleDrive/My Drive/dev/audacity-master/src/LabelDialog.cpp,audacity
LabelTrack.cpp,/Volumes/GoogleDrive/My Drive/dev/audacity-master/src/LabelTrack.cpp,audacity
LangChoice.cpp,/Volumes/GoogleDrive/My Drive/dev/audacity-master/src/LangChoice.cpp,audacity
Legacy.cpp,/Volumes/GoogleDrive/My Drive/dev/audacity-master/src/Legacy.cpp,audacity
LogWindow.cpp,/Volumes/GoogleDrive/My Drive/dev/audacity-master/src/LogWindow.cpp,audacity
Lyrics.cpp,/Volumes/GoogleDrive/My Drive/dev/audacity-master/src/Lyrics.cpp,audacity
LyricsWindow.cpp,/Volumes/GoogleDrive/My Drive/dev/audacity-master/src/LyricsWindow.cpp,audacity
MIDIPlay.cpp,/Volumes/GoogleDrive/My Drive/dev/audacity-master/src/MIDIPlay.cpp,audacity
Menus.cpp,/Volumes/GoogleDrive/My Drive/dev/audacity-master/src/Menus.cpp,audacity
Mix.cpp,/Volumes/GoogleDrive/My Drive/dev/audacity-master/src/Mix.cpp,audacity
MixerBoard.cpp,/Volumes/GoogleDrive/My Drive/dev/audacity-master/src/MixerBoard.cpp,audacity
ModuleManager.cpp,/Volumes/GoogleDrive/My Drive/dev/audacity-master/src/ModuleManager.cpp,audacity
ModuleSettings.cpp,/Volumes/GoogleDrive/My Drive/dev/audacity-master/src/ModuleSettings.cpp,audacity
NoteTrack.cpp,/Volumes/GoogleDrive/My Drive/dev/audacity-master/src/NoteTrack.cpp,audacity
PitchName.cpp,/Volumes/GoogleDrive/My Drive/dev/audacity-master/src/PitchName.cpp,audacity
PlaybackSchedule.cpp,/Volumes/GoogleDrive/My Drive/dev/audacity-master/src/PlaybackSchedule.cpp,audacity
PluginManager.cpp,/Volumes/GoogleDrive/My Drive/dev/audacity-master/src/PluginManager.cpp,audacity
PluginRegistrationDialog.cpp,/Volumes/GoogleDrive/My Drive/dev/audacity-master/src/PluginRegistrationDialog.cpp,audacity
Printing.cpp,/Volumes/GoogleDrive/My Drive/dev/audacity-master/src/Printing.cpp,audacity
Profiler.cpp,/Volumes/GoogleDrive/My Drive/dev/audacity-master/src/Profiler.cpp,audacity
ProjectAudioIO.cpp,/Volumes/GoogleDrive/My Drive/dev/audacity-master/src/ProjectAudioIO.cpp,audacity
ProjectAudioManager.cpp,/Volumes/GoogleDrive/My Drive/dev/audacity-master/src/ProjectAudioManager.cpp,audacity
ProjectFSCK.cpp,/Volumes/GoogleDrive/My Drive/dev/audacity-master/src/ProjectFSCK.cpp,audacity
ProjectFileIO.cpp,/Volumes/GoogleDrive/My Drive/dev/audacity-master/src/ProjectFileIO.cpp,audacity
ProjectFileManager.cpp,/Volumes/GoogleDrive/My Drive/dev/audacity-master/src/ProjectFileManager.cpp,audacity
ProjectHistory.cpp,/Volumes/GoogleDrive/My Drive/dev/audacity-master/src/ProjectHistory.cpp,audacity
ProjectManager.cpp,/Volumes/GoogleDrive/My Drive/dev/audacity-master/src/ProjectManager.cpp,audacity
ProjectSelectionManager.cpp,/Volumes/GoogleDrive/My Drive/dev/audacity-master/src/ProjectSelectionManager.cpp,audacity
ProjectSerializer.cpp,/Volumes/GoogleDrive/My Drive/dev/audacity-master/src/ProjectSerializer.cpp,audacity
ProjectSettings.cpp,/Volumes/GoogleDrive/My Drive/dev/audacity-master/src/ProjectSettings.cpp,audacity
ProjectWindow.cpp,/Volumes/GoogleDrive/My Drive/dev/audacity-master/src/ProjectWindow.cpp,audacity
ProjectWindowBase.cpp,/Volumes/GoogleDrive/My Drive/dev/audacity-master/src/ProjectWindowBase.cpp,audacity
ProjectWindows.cpp,/Volumes/GoogleDrive/My Drive/dev/audacity-master/src/ProjectWindows.cpp,audacity
RealFFTf48x.cpp,/Volumes/GoogleDrive/My Drive/dev/audacity-master/src/RealFFTf48x.cpp,audacity
RingBuffer.cpp,/Volumes/GoogleDrive/My Drive/dev/audacity-master/src/RingBuffer.cpp,audacity
SampleBlock.cpp,/Volumes/GoogleDrive/My Drive/dev/audacity-master/src/SampleBlock.cpp,audacity
Screenshot.cpp,/Volumes/GoogleDrive/My Drive/dev/audacity-master/src/Screenshot.cpp,audacity
SelectFile.cpp,/Volumes/GoogleDrive/My Drive/dev/audacity-master/src/SelectFile.cpp,audacity
SelectUtilities.cpp,/Volumes/GoogleDrive/My Drive/dev/audacity-master/src/SelectUtilities.cpp,audacity
SelectionState.cpp,/Volumes/GoogleDrive/My Drive/dev/audacity-master/src/SelectionState.cpp,audacity
Sequence.cpp,/Volumes/GoogleDrive/My Drive/dev/audacity-master/src/Sequence.cpp,audacity
Shuttle.cpp,/Volumes/GoogleDrive/My Drive/dev/audacity-master/src/Shuttle.cpp,audacity
ShuttleGetDefinition.cpp,/Volumes/GoogleDrive/My Drive/dev/audacity-master/src/ShuttleGetDefinition.cpp,audacity
ShuttleGui.cpp,/Volumes/GoogleDrive/My Drive/dev/audacity-master/src/ShuttleGui.cpp,audacity
ShuttlePrefs.cpp,/Volumes/GoogleDrive/My Drive/dev/audacity-master/src/ShuttlePrefs.cpp,audacity
Snap.cpp,/Volumes/GoogleDrive/My Drive/dev/audacity-master/src/Snap.cpp,audacity
SoundActivatedRecord.cpp,/Volumes/GoogleDrive/My Drive/dev/audacity-master/src/SoundActivatedRecord.cpp,audacity
SpectralDataDialog.cpp,/Volumes/GoogleDrive/My Drive/dev/audacity-master/src/SpectralDataDialog.cpp,audacity
SpectralDataManager.cpp,/Volumes/GoogleDrive/My Drive/dev/audacity-master/src/SpectralDataManager.cpp,audacity
SpectrumAnalyst.cpp,/Volumes/GoogleDrive/My Drive/dev/audacity-master/src/SpectrumAnalyst.cpp,audacity
SpectrumTransformer.cpp,/Volumes/GoogleDrive/My Drive/dev/audacity-master/src/SpectrumTransformer.cpp,audacity
SplashDialog.cpp,/Volumes/GoogleDrive/My Drive/dev/audacity-master/src/SplashDialog.cpp,audacity
SqliteSampleBlock.cpp,/Volumes/GoogleDrive/My Drive/dev/audacity-master/src/SqliteSampleBlock.cpp,audacity
SseMathFuncs.cpp,/Volumes/GoogleDrive/My Drive/dev/audacity-master/src/SseMathFuncs.cpp,audacity
Tags.cpp,/Volumes/GoogleDrive/My Drive/dev/audacity-master/src/Tags.cpp,audacity
Theme.cpp,/Volumes/GoogleDrive/My Drive/dev/audacity-master/src/Theme.cpp,audacity
TimeDialog.cpp,/Volumes/GoogleDrive/My Drive/dev/audacity-master/src/TimeDialog.cpp,audacity
TimeTrack.cpp,/Volumes/GoogleDrive/My Drive/dev/audacity-master/src/TimeTrack.cpp,audacity
TimerRecordDialog.cpp,/Volumes/GoogleDrive/My Drive/dev/audacity-master/src/TimerRecordDialog.cpp,audacity
Track.cpp,/Volumes/GoogleDrive/My Drive/dev/audacity-master/src/Track.cpp,audacity
TrackArtist.cpp,/Volumes/GoogleDrive/My Drive/dev/audacity-master/src/TrackArtist.cpp,audacity
TrackInfo.cpp,/Volumes/GoogleDrive/My Drive/dev/audacity-master/src/TrackInfo.cpp,audacity
TrackPanel.cpp,/Volumes/GoogleDrive/My Drive/dev/audacity-master/src/TrackPanel.cpp,audacity
TrackPanelAx.cpp,/Volumes/GoogleDrive/My Drive/dev/audacity-master/src/TrackPanelAx.cpp,audacity
TrackPanelCell.cpp,/Volumes/GoogleDrive/My Drive/dev/audacity-master/src/TrackPanelCell.cpp,audacity
TrackPanelDrawable.cpp,/Volumes/GoogleDrive/My Drive/dev/audacity-master/src/TrackPanelDrawable.cpp,audacity
TrackPanelResizeHandle.cpp,/Volumes/GoogleDrive/My Drive/dev/audacity-master/src/TrackPanelResizeHandle.cpp,audacity
TrackPanelResizerCell.cpp,/Volumes/GoogleDrive/My Drive/dev/audacity-master/src/TrackPanelResizerCell.cpp,audacity
TrackUtilities.cpp,/Volumes/GoogleDrive/My Drive/dev/audacity-master/src/TrackUtilities.cpp,audacity
UIHandle.cpp,/Volumes/GoogleDrive/My Drive/dev/audacity-master/src/UIHandle.cpp,audacity
UndoManager.cpp,/Volumes/GoogleDrive/My Drive/dev/audacity-master/src/UndoManager.cpp,audacity
VoiceKey.cpp,/Volumes/GoogleDrive/My Drive/dev/audacity-master/src/VoiceKey.cpp,audacity
WaveClip.cpp,/Volumes/GoogleDrive/My Drive/dev/audacity-master/src/WaveClip.cpp,audacity
WaveTrack.cpp,/Volumes/GoogleDrive/My Drive/dev/audacity-master/src/WaveTrack.cpp,audacity
WrappedType.cpp,/Volumes/GoogleDrive/My Drive/dev/audacity-master/src/WrappedType.cpp,audacity
SequenceTest.cpp,/Volumes/GoogleDrive/My Drive/dev/audacity-master/tests/SequenceTest.cpp,audacity
SimpleBlockFileTest.cpp,/Volumes/GoogleDrive/My Drive/dev/audacity-master/tests/SimpleBlockFileTest.cpp,audacity
CrashReportApp.cpp,/Volumes/GoogleDrive/My Drive/dev/audacity-master/crashreports/crashreporter/CrashReportApp.cpp,audacity
alignfiles.cpp,/Volumes/GoogleDrive/My Drive/dev/audacity-master/lib-src/libscorealign/alignfiles.cpp,audacity
audiofilereader-snd.cpp,/Volumes/GoogleDrive/My Drive/dev/audacity-master/lib-src/libscorealign/audiofilereader-snd.cpp,audacity
audiofilereader.cpp,/Volumes/GoogleDrive/My Drive/dev/audacity-master/lib-src/libscorealign/audiofilereader.cpp,audacity
audioreader.cpp,/Volumes/GoogleDrive/My Drive/dev/audacity-master/lib-src/libscorealign/audioreader.cpp,audacity
comp_chroma.cpp,/Volumes/GoogleDrive/My Drive/dev/audacity-master/lib-src/libscorealign/comp_chroma.cpp,audacity
curvefit.cpp,/Volumes/GoogleDrive/My Drive/dev/audacity-master/lib-src/libscorealign/curvefit.cpp,audacity
gen_chroma.cpp,/Volumes/GoogleDrive/My Drive/dev/audacity-master/lib-src/libscorealign/gen_chroma.cpp,audacity
hillclimb.cpp,/Volumes/GoogleDrive/My Drive/dev/audacity-master/lib-src/libscorealign/hillclimb.cpp,audacity
main.cpp,/Volumes/GoogleDrive/My Drive/dev/audacity-master/lib-src/libscorealign/main.cpp,audacity
regression.cpp,/Volumes/GoogleDrive/My Drive/dev/audacity-master/lib-src/libscorealign/regression.cpp,audacity
sautils.cpp,/Volumes/GoogleDrive/My Drive/dev/audacity-master/lib-src/libscorealign/sautils.cpp,audacity
scorealign.cpp,/Volumes/GoogleDrive/My Drive/dev/audacity-master/lib-src/libscorealign/scorealign.cpp,audacity
trace.cpp,/Volumes/GoogleDrive/My Drive/dev/audacity-master/lib-src/libscorealign/trace.cpp,audacity
portburn_macosx.cpp,/Volumes/GoogleDrive/My Drive/dev/audacity-master/lib-src/portburn/portburn_macosx.cpp,audacity
portburn_staging.cpp,/Volumes/GoogleDrive/My Drive/dev/audacity-master/lib-src/portburn/portburn_staging.cpp,audacity
portburn_winxp.cpp,/Volumes/GoogleDrive/My Drive/dev/audacity-master/lib-src/portburn/portburn_winxp.cpp,audacity
portburn_winxpv1.cpp,/Volumes/GoogleDrive/My Drive/dev/audacity-master/lib-src/portburn/portburn_winxpv1.cpp,audacity
portburn_winxpv2.cpp,/Volumes/GoogleDrive/My Drive/dev/audacity-master/lib-src/portburn/portburn_winxpv2.cpp,audacity
test_portburn.cpp,/Volumes/GoogleDrive/My Drive/dev/audacity-master/lib-src/portburn/test_portburn.cpp,audacity
allegro.cpp,/Volumes/GoogleDrive/My Drive/dev/audacity-master/lib-src/portsmf/allegro.cpp,audacity
allegrord.cpp,/Volumes/GoogleDrive/My Drive/dev/audacity-master/lib-src/portsmf/allegrord.cpp,audacity
allegroserial.cpp,/Volumes/GoogleDrive/My Drive/dev/audacity-master/lib-src/portsmf/allegroserial.cpp,audacity
allegrosmfrd.cpp,/Volumes/GoogleDrive/My Drive/dev/audacity-master/lib-src/portsmf/allegrosmfrd.cpp,audacity
allegrosmfwr.cpp,/Volumes/GoogleDrive/My Drive/dev/audacity-master/lib-src/portsmf/allegrosmfwr.cpp,audacity
allegrowr.cpp,/Volumes/GoogleDrive/My Drive/dev/audacity-master/lib-src/portsmf/allegrowr.cpp,audacity
mfmidi.cpp,/Volumes/GoogleDrive/My Drive/dev/audacity-master/lib-src/portsmf/mfmidi.cpp,audacity
strparse.cpp,/Volumes/GoogleDrive/My Drive/dev/audacity-master/lib-src/portsmf/strparse.cpp,audacity
trace.cpp,/Volumes/GoogleDrive/My Drive/dev/audacity-master/lib-src/portsmf/trace.cpp,audacity
AudioIOBase.cpp,/Volumes/GoogleDrive/My Drive/dev/audacity-master/libraries/lib-audio-devices/AudioIOBase.cpp,audacity
DeviceChange.cpp,/Volumes/GoogleDrive/My Drive/dev/audacity-master/libraries/lib-audio-devices/DeviceChange.cpp,audacity
DeviceManager.cpp,/Volumes/GoogleDrive/My Drive/dev/audacity-master/libraries/lib-audio-devices/DeviceManager.cpp,audacity
Meter.cpp,/Volumes/GoogleDrive/My Drive/dev/audacity-master/libraries/lib-audio-devices/Meter.cpp,audacity
BasicUI.cpp,/Volumes/GoogleDrive/My Drive/dev/audacity-master/libraries/lib-basic-ui/BasicUI.cpp,audacity
ComponentInterface.cpp,/Volumes/GoogleDrive/My Drive/dev/audacity-master/libraries/lib-components/ComponentInterface.cpp,audacity
ConfigInterface.cpp,/Volumes/GoogleDrive/My Drive/dev/audacity-master/libraries/lib-components/ConfigInterface.cpp,audacity
EffectAutomationParameters.cpp,/Volumes/GoogleDrive/My Drive/dev/audacity-master/libraries/lib-components/EffectAutomationParameters.cpp,audacity
EffectInterface.cpp,/Volumes/GoogleDrive/My Drive/dev/audacity-master/libraries/lib-components/EffectInterface.cpp,audacity
ModuleInterface.cpp,/Volumes/GoogleDrive/My Drive/dev/audacity-master/libraries/lib-components/ModuleInterface.cpp,audacity
PluginInterface.cpp,/Volumes/GoogleDrive/My Drive/dev/audacity-master/libraries/lib-components/PluginInterface.cpp,audacity
AudacityException.cpp,/Volumes/GoogleDrive/My Drive/dev/audacity-master/libraries/lib-exceptions/AudacityException.cpp,audacity
InconsistencyException.cpp,/Volumes/GoogleDrive/My Drive/dev/audacity-master/libraries/lib-exceptions/InconsistencyException.cpp,audacity
UserException.cpp,/Volumes/GoogleDrive/My Drive/dev/audacity-master/libraries/lib-exceptions/UserException.cpp,audacity
AudacityLogger.cpp,/Volumes/GoogleDrive/My Drive/dev/audacity-master/libraries/lib-files/AudacityLogger.cpp,audacity
FileException.cpp,/Volumes/GoogleDrive/My Drive/dev/audacity-master/libraries/lib-files/FileException.cpp,audacity
FileIO.cpp,/Volumes/GoogleDrive/My Drive/dev/audacity-master/libraries/lib-files/FileIO.cpp,audacity
FileNames.cpp,/Volumes/GoogleDrive/My Drive/dev/audacity-master/libraries/lib-files/FileNames.cpp,audacity
PlatformCompatibility.cpp,/Volumes/GoogleDrive/My Drive/dev/audacity-master/libraries/lib-files/PlatformCompatibility.cpp,audacity
TempDirectory.cpp,/Volumes/GoogleDrive/My Drive/dev/audacity-master/libraries/lib-files/TempDirectory.cpp,audacity
Dither.cpp,/Volumes/GoogleDrive/My Drive/dev/audacity-master/libraries/lib-math/Dither.cpp,audacity
FFT.cpp,/Volumes/GoogleDrive/My Drive/dev/audacity-master/libraries/lib-math/FFT.cpp,audacity
InterpolateAudio.cpp,/Volumes/GoogleDrive/My Drive/dev/audacity-master/libraries/lib-math/InterpolateAudio.cpp,audacity
Matrix.cpp,/Volumes/GoogleDrive/My Drive/dev/audacity-master/libraries/lib-math/Matrix.cpp,audacity
RealFFTf.cpp,/Volumes/GoogleDrive/My Drive/dev/audacity-master/libraries/lib-math/RealFFTf.cpp,audacity
Resample.cpp,/Volumes/GoogleDrive/My Drive/dev/audacity-master/libraries/lib-math/Resample.cpp,audacity
SampleCount.cpp,/Volumes/GoogleDrive/My Drive/dev/audacity-master/libraries/lib-math/SampleCount.cpp,audacity
SampleFormat.cpp,/Volumes/GoogleDrive/My Drive/dev/audacity-master/libraries/lib-math/SampleFormat.cpp,audacity
Spectrum.cpp,/Volumes/GoogleDrive/My Drive/dev/audacity-master/libraries/lib-math/Spectrum.cpp,audacity
CookiesList.cpp,/Volumes/GoogleDrive/My Drive/dev/audacity-master/libraries/lib-network-manager/CookiesList.cpp,audacity
HeadersList.cpp,/Volumes/GoogleDrive/My Drive/dev/audacity-master/libraries/lib-network-manager/HeadersList.cpp,audacity
NetworkManager.cpp,/Volumes/GoogleDrive/My Drive/dev/audacity-master/libraries/lib-network-manager/NetworkManager.cpp,audacity
Request.cpp,/Volumes/GoogleDrive/My Drive/dev/audacity-master/libraries/lib-network-manager/Request.cpp,audacity
FileConfig.cpp,/Volumes/GoogleDrive/My Drive/dev/audacity-master/libraries/lib-preferences/FileConfig.cpp,audacity
Prefs.cpp,/Volumes/GoogleDrive/My Drive/dev/audacity-master/libraries/lib-preferences/Prefs.cpp,audacity
ProjectRate.cpp,/Volumes/GoogleDrive/My Drive/dev/audacity-master/libraries/lib-project-rate/ProjectRate.cpp,audacity
QualitySettings.cpp,/Volumes/GoogleDrive/My Drive/dev/audacity-master/libraries/lib-project-rate/QualitySettings.cpp,audacity
Project.cpp,/Volumes/GoogleDrive/My Drive/dev/audacity-master/libraries/lib-project/Project.cpp,audacity
ProjectStatus.cpp,/Volumes/GoogleDrive/My Drive/dev/audacity-master/libraries/lib-project/ProjectStatus.cpp,audacity
ClientData.cpp,/Volumes/GoogleDrive/My Drive/dev/audacity-master/libraries/lib-registries/ClientData.cpp,audacity
Registry.cpp,/Volumes/GoogleDrive/My Drive/dev/audacity-master/libraries/lib-registries/Registry.cpp,audacity
Decibels.cpp,/Volumes/GoogleDrive/My Drive/dev/audacity-master/libraries/lib-screen-geometry/Decibels.cpp,audacity
SelectedRegion.cpp,/Volumes/GoogleDrive/My Drive/dev/audacity-master/libraries/lib-screen-geometry/SelectedRegion.cpp,audacity
ViewInfo.cpp,/Volumes/GoogleDrive/My Drive/dev/audacity-master/libraries/lib-screen-geometry/ViewInfo.cpp,audacity
ZoomInfo.cpp,/Volumes/GoogleDrive/My Drive/dev/audacity-master/libraries/lib-screen-geometry/ZoomInfo.cpp,audacity
AnonymizedMessage.cpp,/Volumes/GoogleDrive/My Drive/dev/audacity-master/libraries/lib-sentry-reporting/AnonymizedMessage.cpp,audacity
SentryReport.cpp,/Volumes/GoogleDrive/My Drive/dev/audacity-master/libraries/lib-sentry-reporting/SentryReport.cpp,audacity
SentryRequestBuilder.cpp,/Volumes/GoogleDrive/My Drive/dev/audacity-master/libraries/lib-sentry-reporting/SentryRequestBuilder.cpp,audacity
CodeConversions.cpp,/Volumes/GoogleDrive/My Drive/dev/audacity-master/libraries/lib-string-utils/CodeConversions.cpp,audacity
DateTimeConversions.cpp,/Volumes/GoogleDrive/My Drive/dev/audacity-master/libraries/lib-string-utils/DateTimeConversions.cpp,audacity
UrlDecode.cpp,/Volumes/GoogleDrive/My Drive/dev/audacity-master/libraries/lib-string-utils/UrlDecode.cpp,audacity
UrlEncode.cpp,/Volumes/GoogleDrive/My Drive/dev/audacity-master/libraries/lib-string-utils/UrlEncode.cpp,audacity
Identifier.cpp,/Volumes/GoogleDrive/My Drive/dev/audacity-master/libraries/lib-strings/Identifier.cpp,audacity
Internat.cpp,/Volumes/GoogleDrive/My Drive/dev/audacity-master/libraries/lib-strings/Internat.cpp,audacity
Languages.cpp,/Volumes/GoogleDrive/My Drive/dev/audacity-master/libraries/lib-strings/Languages.cpp,audacity
TranslatableString.cpp,/Volumes/GoogleDrive/My Drive/dev/audacity-master/libraries/lib-strings/TranslatableString.cpp,audacity
wxArrayStringEx.cpp,/Volumes/GoogleDrive/My Drive/dev/audacity-master/libraries/lib-strings/wxArrayStringEx.cpp,audacity
MemoryX.cpp,/Volumes/GoogleDrive/My Drive/dev/audacity-master/libraries/lib-utility/MemoryX.cpp,audacity
ModuleConstants.cpp,/Volumes/GoogleDrive/My Drive/dev/audacity-master/libraries/lib-utility/ModuleConstants.cpp,audacity
Uuid.cpp,/Volumes/GoogleDrive/My Drive/dev/audacity-master/libraries/lib-uuid/Uuid.cpp,audacity
XMLFileReader.cpp,/Volumes/GoogleDrive/My Drive/dev/audacity-master/libraries/lib-xml/XMLFileReader.cpp,audacity
XMLMethodRegistry.cpp,/Volumes/GoogleDrive/My Drive/dev/audacity-master/libraries/lib-xml/XMLMethodRegistry.cpp,audacity
XMLTagHandler.cpp,/Volumes/GoogleDrive/My Drive/dev/audacity-master/libraries/lib-xml/XMLTagHandler.cpp,audacity
XMLWriter.cpp,/Volumes/GoogleDrive/My Drive/dev/audacity-master/libraries/lib-xml/XMLWriter.cpp,audacity
ModNullCallback.cpp,/Volumes/GoogleDrive/My Drive/dev/audacity-master/modules/mod-null/ModNullCallback.cpp,audacity
NyqBench.cpp,/Volumes/GoogleDrive/My Drive/dev/audacity-master/modules/mod-nyq-bench/NyqBench.cpp,audacity
PipeServer.cpp,/Volumes/GoogleDrive/My Drive/dev/audacity-master/modules/mod-script-pipe/PipeServer.cpp,audacity
ScripterCallback.cpp,/Volumes/GoogleDrive/My Drive/dev/audacity-master/modules/mod-script-pipe/ScripterCallback.cpp,audacity
LegacyAliasBlockFile.cpp,/Volumes/GoogleDrive/My Drive/dev/audacity-master/src/blockfile/LegacyAliasBlockFile.cpp,audacity
LegacyBlockFile.cpp,/Volumes/GoogleDrive/My Drive/dev/audacity-master/src/blockfile/LegacyBlockFile.cpp,audacity
NotYetAvailableException.cpp,/Volumes/GoogleDrive/My Drive/dev/audacity-master/src/blockfile/NotYetAvailableException.cpp,audacity
ODDecodeBlockFile.cpp,/Volumes/GoogleDrive/My Drive/dev/audacity-master/src/blockfile/ODDecodeBlockFile.cpp,audacity
ODPCMAliasBlockFile.cpp,/Volumes/GoogleDrive/My Drive/dev/audacity-master/src/blockfile/ODPCMAliasBlockFile.cpp,audacity
PCMAliasBlockFile.cpp,/Volumes/GoogleDrive/My Drive/dev/audacity-master/src/blockfile/PCMAliasBlockFile.cpp,audacity
SilentBlockFile.cpp,/Volumes/GoogleDrive/My Drive/dev/audacity-master/src/blockfile/SilentBlockFile.cpp,audacity
SimpleBlockFile.cpp,/Volumes/GoogleDrive/My Drive/dev/audacity-master/src/blockfile/SimpleBlockFile.cpp,audacity
AppCommandEvent.cpp,/Volumes/GoogleDrive/My Drive/dev/audacity-master/src/commands/AppCommandEvent.cpp,audacity
AudacityCommand.cpp,/Volumes/GoogleDrive/My Drive/dev/audacity-master/src/commands/AudacityCommand.cpp,audacity
BatchEvalCommand.cpp,/Volumes/GoogleDrive/My Drive/dev/audacity-master/src/commands/BatchEvalCommand.cpp,audacity
Command.cpp,/Volumes/GoogleDrive/My Drive/dev/audacity-master/src/commands/Command.cpp,audacity
CommandBuilder.cpp,/Volumes/GoogleDrive/My Drive/dev/audacity-master/src/commands/CommandBuilder.cpp,audacity
CommandContext.cpp,/Volumes/GoogleDrive/My Drive/dev/audacity-master/src/commands/CommandContext.cpp,audacity
CommandDirectory.cpp,/Volumes/GoogleDrive/My Drive/dev/audacity-master/src/commands/CommandDirectory.cpp,audacity
CommandHandler.cpp,/Volumes/GoogleDrive/My Drive/dev/audacity-master/src/commands/CommandHandler.cpp,audacity
CommandManager.cpp,/Volumes/GoogleDrive/My Drive/dev/audacity-master/src/commands/CommandManager.cpp,audacity
CommandSignature.cpp,/Volumes/GoogleDrive/My Drive/dev/audacity-master/src/commands/CommandSignature.cpp,audacity
CommandTargets.cpp,/Volumes/GoogleDrive/My Drive/dev/audacity-master/src/commands/CommandTargets.cpp,audacity
CommandType.cpp,/Volumes/GoogleDrive/My Drive/dev/audacity-master/src/commands/CommandType.cpp,audacity
CompareAudioCommand.cpp,/Volumes/GoogleDrive/My Drive/dev/audacity-master/src/commands/CompareAudioCommand.cpp,audacity
Demo.cpp,/Volumes/GoogleDrive/My Drive/dev/audacity-master/src/commands/Demo.cpp,audacity
DragCommand.cpp,/Volumes/GoogleDrive/My Drive/dev/audacity-master/src/commands/DragCommand.cpp,audacity
GetInfoCommand.cpp,/Volumes/GoogleDrive/My Drive/dev/audacity-master/src/commands/GetInfoCommand.cpp,audacity
GetTrackInfoCommand.cpp,/Volumes/GoogleDrive/My Drive/dev/audacity-master/src/commands/GetTrackInfoCommand.cpp,audacity
HelpCommand.cpp,/Volumes/GoogleDrive/My Drive/dev/audacity-master/src/commands/HelpCommand.cpp,audacity
ImportExportCommands.cpp,/Volumes/GoogleDrive/My Drive/dev/audacity-master/src/commands/ImportExportCommands.cpp,audacity
Keyboard.cpp,/Volumes/GoogleDrive/My Drive/dev/audacity-master/src/commands/Keyboard.cpp,audacity
LoadCommands.cpp,/Volumes/GoogleDrive/My Drive/dev/audacity-master/src/commands/LoadCommands.cpp,audacity
MessageCommand.cpp,/Volumes/GoogleDrive/My Drive/dev/audacity-master/src/commands/MessageCommand.cpp,audacity
OpenSaveCommands.cpp,/Volumes/GoogleDrive/My Drive/dev/audacity-master/src/commands/OpenSaveCommands.cpp,audacity
PreferenceCommands.cpp,/Volumes/GoogleDrive/My Drive/dev/audacity-master/src/commands/PreferenceCommands.cpp,audacity
ResponseQueue.cpp,/Volumes/GoogleDrive/My Drive/dev/audacity-master/src/commands/ResponseQueue.cpp,audacity
ScreenshotCommand.cpp,/Volumes/GoogleDrive/My Drive/dev/audacity-master/src/commands/ScreenshotCommand.cpp,audacity
ScriptCommandRelay.cpp,/Volumes/GoogleDrive/My Drive/dev/audacity-master/src/commands/ScriptCommandRelay.cpp,audacity
SelectCommand.cpp,/Volumes/GoogleDrive/My Drive/dev/audacity-master/src/commands/SelectCommand.cpp,audacity
SetClipCommand.cpp,/Volumes/GoogleDrive/My Drive/dev/audacity-master/src/commands/SetClipCommand.cpp,audacity
SetEnvelopeCommand.cpp,/Volumes/GoogleDrive/My Drive/dev/audacity-master/src/commands/SetEnvelopeCommand.cpp,audacity
SetLabelCommand.cpp,/Volumes/GoogleDrive/My Drive/dev/audacity-master/src/commands/SetLabelCommand.cpp,audacity
SetProjectCommand.cpp,/Volumes/GoogleDrive/My Drive/dev/audacity-master/src/commands/SetProjectCommand.cpp,audacity
SetTrackInfoCommand.cpp,/Volumes/GoogleDrive/My Drive/dev/audacity-master/src/commands/SetTrackInfoCommand.cpp,audacity
Amplify.cpp,/Volumes/GoogleDrive/My Drive/dev/audacity-master/src/effects/Amplify.cpp,audacity
AutoDuck.cpp,/Volumes/GoogleDrive/My Drive/dev/audacity-master/src/effects/AutoDuck.cpp,audacity
BassTreble.cpp,/Volumes/GoogleDrive/My Drive/dev/audacity-master/src/effects/BassTreble.cpp,audacity
Biquad.cpp,/Volumes/GoogleDrive/My Drive/dev/audacity-master/src/effects/Biquad.cpp,audacity
ChangePitch.cpp,/Volumes/GoogleDrive/My Drive/dev/audacity-master/src/effects/ChangePitch.cpp,audacity
ChangeSpeed.cpp,/Volumes/GoogleDrive/My Drive/dev/audacity-master/src/effects/ChangeSpeed.cpp,audacity
ChangeTempo.cpp,/Volumes/GoogleDrive/My Drive/dev/audacity-master/src/effects/ChangeTempo.cpp,audacity
ClickRemoval.cpp,/Volumes/GoogleDrive/My Drive/dev/audacity-master/src/effects/ClickRemoval.cpp,audacity
Compressor.cpp,/Volumes/GoogleDrive/My Drive/dev/audacity-master/src/effects/Compressor.cpp,audacity
Contrast.cpp,/Volumes/GoogleDrive/My Drive/dev/audacity-master/src/effects/Contrast.cpp,audacity
Distortion.cpp,/Volumes/GoogleDrive/My Drive/dev/audacity-master/src/effects/Distortion.cpp,audacity
DtmfGen.cpp,/Volumes/GoogleDrive/My Drive/dev/audacity-master/src/effects/DtmfGen.cpp,audacity
EBUR128.cpp,/Volumes/GoogleDrive/My Drive/dev/audacity-master/src/effects/EBUR128.cpp,audacity
Echo.cpp,/Volumes/GoogleDrive/My Drive/dev/audacity-master/src/effects/Echo.cpp,audacity
Effect.cpp,/Volumes/GoogleDrive/My Drive/dev/audacity-master/src/effects/Effect.cpp,audacity
EffectManager.cpp,/Volumes/GoogleDrive/My Drive/dev/audacity-master/src/effects/EffectManager.cpp,audacity
EffectUI.cpp,/Volumes/GoogleDrive/My Drive/dev/audacity-master/src/effects/EffectUI.cpp,audacity
Equalization.cpp,/Volumes/GoogleDrive/My Drive/dev/audacity-master/src/effects/Equalization.cpp,audacity
Equalization48x.cpp,/Volumes/GoogleDrive/My Drive/dev/audacity-master/src/effects/Equalization48x.cpp,audacity
Fade.cpp,/Volumes/GoogleDrive/My Drive/dev/audacity-master/src/effects/Fade.cpp,audacity
FindClipping.cpp,/Volumes/GoogleDrive/My Drive/dev/audacity-master/src/effects/FindClipping.cpp,audacity
Generator.cpp,/Volumes/GoogleDrive/My Drive/dev/audacity-master/src/effects/Generator.cpp,audacity
Invert.cpp,/Volumes/GoogleDrive/My Drive/dev/audacity-master/src/effects/Invert.cpp,audacity
Leveller.cpp,/Volumes/GoogleDrive/My Drive/dev/audacity-master/src/effects/Leveller.cpp,audacity
LoadEffects.cpp,/Volumes/GoogleDrive/My Drive/dev/audacity-master/src/effects/LoadEffects.cpp,audacity
Loudness.cpp,/Volumes/GoogleDrive/My Drive/dev/audacity-master/src/effects/Loudness.cpp,audacity
Noise.cpp,/Volumes/GoogleDrive/My Drive/dev/audacity-master/src/effects/Noise.cpp,audacity
NoiseReduction.cpp,/Volumes/GoogleDrive/My Drive/dev/audacity-master/src/effects/NoiseReduction.cpp,audacity
NoiseRemoval.cpp,/Volumes/GoogleDrive/My Drive/dev/audacity-master/src/effects/NoiseRemoval.cpp,audacity
Normalize.cpp,/Volumes/GoogleDrive/My Drive/dev/audacity-master/src/effects/Normalize.cpp,audacity
Paulstretch.cpp,/Volumes/GoogleDrive/My Drive/dev/audacity-master/src/effects/Paulstretch.cpp,audacity
Phaser.cpp,/Volumes/GoogleDrive/My Drive/dev/audacity-master/src/effects/Phaser.cpp,audacity
RealtimeEffectManager.cpp,/Volumes/GoogleDrive/My Drive/dev/audacity-master/src/effects/RealtimeEffectManager.cpp,audacity
Repair.cpp,/Volumes/GoogleDrive/My Drive/dev/audacity-master/src/effects/Repair.cpp,audacity
Repeat.cpp,/Volumes/GoogleDrive/My Drive/dev/audacity-master/src/effects/Repeat.cpp,audacity
Reverb.cpp,/Volumes/GoogleDrive/My Drive/dev/audacity-master/src/effects/Reverb.cpp,audacity
Reverse.cpp,/Volumes/GoogleDrive/My Drive/dev/audacity-master/src/effects/Reverse.cpp,audacity
SBSMSEffect.cpp,/Volumes/GoogleDrive/My Drive/dev/audacity-master/src/effects/SBSMSEffect.cpp,audacity
ScienFilter.cpp,/Volumes/GoogleDrive/My Drive/dev/audacity-master/src/effects/ScienFilter.cpp,audacity
ScoreAlignDialog.cpp,/Volumes/GoogleDrive/My Drive/dev/audacity-master/src/effects/ScoreAlignDialog.cpp,audacity
Silence.cpp,/Volumes/GoogleDrive/My Drive/dev/audacity-master/src/effects/Silence.cpp,audacity
SimpleMono.cpp,/Volumes/GoogleDrive/My Drive/dev/audacity-master/src/effects/SimpleMono.cpp,audacity
SoundTouchEffect.cpp,/Volumes/GoogleDrive/My Drive/dev/audacity-master/src/effects/SoundTouchEffect.cpp,audacity
StereoToMono.cpp,/Volumes/GoogleDrive/My Drive/dev/audacity-master/src/effects/StereoToMono.cpp,audacity
TimeScale.cpp,/Volumes/GoogleDrive/My Drive/dev/audacity-master/src/effects/TimeScale.cpp,audacity
TimeWarper.cpp,/Volumes/GoogleDrive/My Drive/dev/audacity-master/src/effects/TimeWarper.cpp,audacity
ToneGen.cpp,/Volumes/GoogleDrive/My Drive/dev/audacity-master/src/effects/ToneGen.cpp,audacity
TruncSilence.cpp,/Volumes/GoogleDrive/My Drive/dev/audacity-master/src/effects/TruncSilence.cpp,audacity
TwoPassSimpleMono.cpp,/Volumes/GoogleDrive/My Drive/dev/audacity-master/src/effects/TwoPassSimpleMono.cpp,audacity
Wahwah.cpp,/Volumes/GoogleDrive/My Drive/dev/audacity-master/src/effects/Wahwah.cpp,audacity
Export.cpp,/Volumes/GoogleDrive/My Drive/dev/audacity-master/src/export/Export.cpp,audacity
ExportCL.cpp,/Volumes/GoogleDrive/My Drive/dev/audacity-master/src/export/ExportCL.cpp,audacity
ExportFFmpeg.cpp,/Volumes/GoogleDrive/My Drive/dev/audacity-master/src/export/ExportFFmpeg.cpp,audacity
ExportFFmpegDialogs.cpp,/Volumes/GoogleDrive/My Drive/dev/audacity-master/src/export/ExportFFmpegDialogs.cpp,audacity
ExportFLAC.cpp,/Volumes/GoogleDrive/My Drive/dev/audacity-master/src/export/ExportFLAC.cpp,audacity
ExportMP2.cpp,/Volumes/GoogleDrive/My Drive/dev/audacity-master/src/export/ExportMP2.cpp,audacity
ExportMP3.cpp,/Volumes/GoogleDrive/My Drive/dev/audacity-master/src/export/ExportMP3.cpp,audacity
ExportMultiple.cpp,/Volumes/GoogleDrive/My Drive/dev/audacity-master/src/export/ExportMultiple.cpp,audacity
ExportOGG.cpp,/Volumes/GoogleDrive/My Drive/dev/audacity-master/src/export/ExportOGG.cpp,audacity
ExportPCM.cpp,/Volumes/GoogleDrive/My Drive/dev/audacity-master/src/export/ExportPCM.cpp,audacity
FormatClassifier.cpp,/Volumes/GoogleDrive/My Drive/dev/audacity-master/src/import/FormatClassifier.cpp,audacity
Import.cpp,/Volumes/GoogleDrive/My Drive/dev/audacity-master/src/import/Import.cpp,audacity
ImportAUP.cpp,/Volumes/GoogleDrive/My Drive/dev/audacity-master/src/import/ImportAUP.cpp,audacity
ImportFFmpeg.cpp,/Volumes/GoogleDrive/My Drive/dev/audacity-master/src/import/ImportFFmpeg.cpp,audacity
ImportFLAC.cpp,/Volumes/GoogleDrive/My Drive/dev/audacity-master/src/import/ImportFLAC.cpp,audacity
ImportGStreamer.cpp,/Volumes/GoogleDrive/My Drive/dev/audacity-master/src/import/ImportGStreamer.cpp,audacity
ImportLOF.cpp,/Volumes/GoogleDrive/My Drive/dev/audacity-master/src/import/ImportLOF.cpp,audacity
ImportMIDI.cpp,/Volumes/GoogleDrive/My Drive/dev/audacity-master/src/import/ImportMIDI.cpp,audacity
ImportMP3.cpp,/Volumes/GoogleDrive/My Drive/dev/audacity-master/src/import/ImportMP3.cpp,audacity
ImportOGG.cpp,/Volumes/GoogleDrive/My Drive/dev/audacity-master/src/import/ImportOGG.cpp,audacity
ImportPCM.cpp,/Volumes/GoogleDrive/My Drive/dev/audacity-master/src/import/ImportPCM.cpp,audacity
ImportPlugin.cpp,/Volumes/GoogleDrive/My Drive/dev/audacity-master/src/import/ImportPlugin.cpp,audacity
ImportQT.cpp,/Volumes/GoogleDrive/My Drive/dev/audacity-master/src/import/ImportQT.cpp,audacity
ImportRaw.cpp,/Volumes/GoogleDrive/My Drive/dev/audacity-master/src/import/ImportRaw.cpp,audacity
MultiFormatReader.cpp,/Volumes/GoogleDrive/My Drive/dev/audacity-master/src/import/MultiFormatReader.cpp,audacity
RawAudioGuess.cpp,/Volumes/GoogleDrive/My Drive/dev/audacity-master/src/import/RawAudioGuess.cpp,audacity
SpecPowerMeter.cpp,/Volumes/GoogleDrive/My Drive/dev/audacity-master/src/import/SpecPowerMeter.cpp,audacity
ClipMenus.cpp,/Volumes/GoogleDrive/My Drive/dev/audacity-master/src/menus/ClipMenus.cpp,audacity
EditMenus.cpp,/Volumes/GoogleDrive/My Drive/dev/audacity-master/src/menus/EditMenus.cpp,audacity
ExtraMenus.cpp,/Volumes/GoogleDrive/My Drive/dev/audacity-master/src/menus/ExtraMenus.cpp,audacity
FileMenus.cpp,/Volumes/GoogleDrive/My Drive/dev/audacity-master/src/menus/FileMenus.cpp,audacity
HelpMenus.cpp,/Volumes/GoogleDrive/My Drive/dev/audacity-master/src/menus/HelpMenus.cpp,audacity
LabelMenus.cpp,/Volumes/GoogleDrive/My Drive/dev/audacity-master/src/menus/LabelMenus.cpp,audacity
NavigationMenus.cpp,/Volumes/GoogleDrive/My Drive/dev/audacity-master/src/menus/NavigationMenus.cpp,audacity
PluginMenus.cpp,/Volumes/GoogleDrive/My Drive/dev/audacity-master/src/menus/PluginMenus.cpp,audacity
SelectMenus.cpp,/Volumes/GoogleDrive/My Drive/dev/audacity-master/src/menus/SelectMenus.cpp,audacity
ToolbarMenus.cpp,/Volumes/GoogleDrive/My Drive/dev/audacity-master/src/menus/ToolbarMenus.cpp,audacity
TrackMenus.cpp,/Volumes/GoogleDrive/My Drive/dev/audacity-master/src/menus/TrackMenus.cpp,audacity
TransportMenus.cpp,/Volumes/GoogleDrive/My Drive/dev/audacity-master/src/menus/TransportMenus.cpp,audacity
ViewMenus.cpp,/Volumes/GoogleDrive/My Drive/dev/audacity-master/src/menus/ViewMenus.cpp,audacity
WindowMenus.cpp,/Volumes/GoogleDrive/My Drive/dev/audacity-master/src/menus/WindowMenus.cpp,audacity
ODComputeSummaryTask.cpp,/Volumes/GoogleDrive/My Drive/dev/audacity-master/src/ondemand/ODComputeSummaryTask.cpp,audacity
ODDecodeFFmpegTask.cpp,/Volumes/GoogleDrive/My Drive/dev/audacity-master/src/ondemand/ODDecodeFFmpegTask.cpp,audacity
ODDecodeFlacTask.cpp,/Volumes/GoogleDrive/My Drive/dev/audacity-master/src/ondemand/ODDecodeFlacTask.cpp,audacity
ODDecodeTask.cpp,/Volumes/GoogleDrive/My Drive/dev/audacity-master/src/ondemand/ODDecodeTask.cpp,audacity
ODManager.cpp,/Volumes/GoogleDrive/My Drive/dev/audacity-master/src/ondemand/ODManager.cpp,audacity
ODTask.cpp,/Volumes/GoogleDrive/My Drive/dev/audacity-master/src/ondemand/ODTask.cpp,audacity
ODTaskThread.cpp,/Volumes/GoogleDrive/My Drive/dev/audacity-master/src/ondemand/ODTaskThread.cpp,audacity
ODWaveTrackTaskQueue.cpp,/Volumes/GoogleDrive/My Drive/dev/audacity-master/src/ondemand/ODWaveTrackTaskQueue.cpp,audacity
ApplicationPrefs.cpp,/Volumes/GoogleDrive/My Drive/dev/audacity-master/src/prefs/ApplicationPrefs.cpp,audacity
BatchPrefs.cpp,/Volumes/GoogleDrive/My Drive/dev/audacity-master/src/prefs/BatchPrefs.cpp,audacity
DevicePrefs.cpp,/Volumes/GoogleDrive/My Drive/dev/audacity-master/src/prefs/DevicePrefs.cpp,audacity
DirectoriesPrefs.cpp,/Volumes/GoogleDrive/My Drive/dev/audacity-master/src/prefs/DirectoriesPrefs.cpp,audacity
EffectsPrefs.cpp,/Volumes/GoogleDrive/My Drive/dev/audacity-master/src/prefs/EffectsPrefs.cpp,audacity
ExtImportPrefs.cpp,/Volumes/GoogleDrive/My Drive/dev/audacity-master/src/prefs/ExtImportPrefs.cpp,audacity
GUIPrefs.cpp,/Volumes/GoogleDrive/My Drive/dev/audacity-master/src/prefs/GUIPrefs.cpp,audacity
ImportExportPrefs.cpp,/Volumes/GoogleDrive/My Drive/dev/audacity-master/src/prefs/ImportExportPrefs.cpp,audacity
KeyConfigPrefs.cpp,/Volumes/GoogleDrive/My Drive/dev/audacity-master/src/prefs/KeyConfigPrefs.cpp,audacity
LibraryPrefs.cpp,/Volumes/GoogleDrive/My Drive/dev/audacity-master/src/prefs/LibraryPrefs.cpp,audacity
MidiIOPrefs.cpp,/Volumes/GoogleDrive/My Drive/dev/audacity-master/src/prefs/MidiIOPrefs.cpp,audacity
ModulePrefs.cpp,/Volumes/GoogleDrive/My Drive/dev/audacity-master/src/prefs/ModulePrefs.cpp,audacity
MousePrefs.cpp,/Volumes/GoogleDrive/My Drive/dev/audacity-master/src/prefs/MousePrefs.cpp,audacity
PlaybackPrefs.cpp,/Volumes/GoogleDrive/My Drive/dev/audacity-master/src/prefs/PlaybackPrefs.cpp,audacity
PrefsDialog.cpp,/Volumes/GoogleDrive/My Drive/dev/audacity-master/src/prefs/PrefsDialog.cpp,audacity
PrefsPanel.cpp,/Volumes/GoogleDrive/My Drive/dev/audacity-master/src/prefs/PrefsPanel.cpp,audacity
QualityPrefs.cpp,/Volumes/GoogleDrive/My Drive/dev/audacity-master/src/prefs/QualityPrefs.cpp,audacity
RecordingPrefs.cpp,/Volumes/GoogleDrive/My Drive/dev/audacity-master/src/prefs/RecordingPrefs.cpp,audacity
SpectrogramSettings.cpp,/Volumes/GoogleDrive/My Drive/dev/audacity-master/src/prefs/SpectrogramSettings.cpp,audacity
SpectrumPrefs.cpp,/Volumes/GoogleDrive/My Drive/dev/audacity-master/src/prefs/SpectrumPrefs.cpp,audacity
ThemePrefs.cpp,/Volumes/GoogleDrive/My Drive/dev/audacity-master/src/prefs/ThemePrefs.cpp,audacity
TracksBehaviorsPrefs.cpp,/Volumes/GoogleDrive/My Drive/dev/audacity-master/src/prefs/TracksBehaviorsPrefs.cpp,audacity
TracksPrefs.cpp,/Volumes/GoogleDrive/My Drive/dev/audacity-master/src/prefs/TracksPrefs.cpp,audacity
WarningsPrefs.cpp,/Volumes/GoogleDrive/My Drive/dev/audacity-master/src/prefs/WarningsPrefs.cpp,audacity
WaveformPrefs.cpp,/Volumes/GoogleDrive/My Drive/dev/audacity-master/src/prefs/WaveformPrefs.cpp,audacity
WaveformSettings.cpp,/Volumes/GoogleDrive/My Drive/dev/audacity-master/src/prefs/WaveformSettings.cpp,audacity
ControlToolBar.cpp,/Volumes/GoogleDrive/My Drive/dev/audacity-master/src/toolbars/ControlToolBar.cpp,audacity
DeviceToolBar.cpp,/Volumes/GoogleDrive/My Drive/dev/audacity-master/src/toolbars/DeviceToolBar.cpp,audacity
EditToolBar.cpp,/Volumes/GoogleDrive/My Drive/dev/audacity-master/src/toolbars/EditToolBar.cpp,audacity
MeterToolBar.cpp,/Volumes/GoogleDrive/My Drive/dev/audacity-master/src/toolbars/MeterToolBar.cpp,audacity
MixerToolBar.cpp,/Volumes/GoogleDrive/My Drive/dev/audacity-master/src/toolbars/MixerToolBar.cpp,audacity
ScrubbingToolBar.cpp,/Volumes/GoogleDrive/My Drive/dev/audacity-master/src/toolbars/ScrubbingToolBar.cpp,audacity
SelectionBar.cpp,/Volumes/GoogleDrive/My Drive/dev/audacity-master/src/toolbars/SelectionBar.cpp,audacity
SpectralSelectionBar.cpp,/Volumes/GoogleDrive/My Drive/dev/audacity-master/src/toolbars/SpectralSelectionBar.cpp,audacity
TimeToolBar.cpp,/Volumes/GoogleDrive/My Drive/dev/audacity-master/src/toolbars/TimeToolBar.cpp,audacity
ToolBar.cpp,/Volumes/GoogleDrive/My Drive/dev/audacity-master/src/toolbars/ToolBar.cpp,audacity
ToolDock.cpp,/Volumes/GoogleDrive/My Drive/dev/audacity-master/src/toolbars/ToolDock.cpp,audacity
ToolManager.cpp,/Volumes/GoogleDrive/My Drive/dev/audacity-master/src/toolbars/ToolManager.cpp,audacity
ToolsToolBar.cpp,/Volumes/GoogleDrive/My Drive/dev/audacity-master/src/toolbars/ToolsToolBar.cpp,audacity
TranscriptionToolBar.cpp,/Volumes/GoogleDrive/My Drive/dev/audacity-master/src/toolbars/TranscriptionToolBar.cpp,audacity
AccessibleLinksFormatter.cpp,/Volumes/GoogleDrive/My Drive/dev/audacity-master/src/ui/AccessibleLinksFormatter.cpp,audacity
UpdateDataParser.cpp,/Volumes/GoogleDrive/My Drive/dev/audacity-master/src/update/UpdateDataParser.cpp,audacity
UpdateManager.cpp,/Volumes/GoogleDrive/My Drive/dev/audacity-master/src/update/UpdateManager.cpp,audacity
UpdateNoticeDialog.cpp,/Volumes/GoogleDrive/My Drive/dev/audacity-master/src/update/UpdateNoticeDialog.cpp,audacity
UpdatePopupDialog.cpp,/Volumes/GoogleDrive/My Drive/dev/audacity-master/src/update/UpdatePopupDialog.cpp,audacity
VersionId.cpp,/Volumes/GoogleDrive/My Drive/dev/audacity-master/src/update/VersionId.cpp,audacity
AButton.cpp,/Volumes/GoogleDrive/My Drive/dev/audacity-master/src/widgets/AButton.cpp,audacity
ASlider.cpp,/Volumes/GoogleDrive/My Drive/dev/audacity-master/src/widgets/ASlider.cpp,audacity
AttachableScrollBar.cpp,/Volumes/GoogleDrive/My Drive/dev/audacity-master/src/widgets/AttachableScrollBar.cpp,audacity
AudacityMessageBox.cpp,/Volumes/GoogleDrive/My Drive/dev/audacity-master/src/widgets/AudacityMessageBox.cpp,audacity
AudacityTextEntryDialog.cpp,/Volumes/GoogleDrive/My Drive/dev/audacity-master/src/widgets/AudacityTextEntryDialog.cpp,audacity
BackedPanel.cpp,/Volumes/GoogleDrive/My Drive/dev/audacity-master/src/widgets/BackedPanel.cpp,audacity
ErrorDialog.cpp,/Volumes/GoogleDrive/My Drive/dev/audacity-master/src/widgets/ErrorDialog.cpp,audacity
ErrorReportDialog.cpp,/Volumes/GoogleDrive/My Drive/dev/audacity-master/src/widgets/ErrorReportDialog.cpp,audacity
ExpandingToolBar.cpp,/Volumes/GoogleDrive/My Drive/dev/audacity-master/src/widgets/ExpandingToolBar.cpp,audacity
FileHistory.cpp,/Volumes/GoogleDrive/My Drive/dev/audacity-master/src/widgets/FileHistory.cpp,audacity
Grabber.cpp,/Volumes/GoogleDrive/My Drive/dev/audacity-master/src/widgets/Grabber.cpp,audacity
Grid.cpp,/Volumes/GoogleDrive/My Drive/dev/audacity-master/src/widgets/Grid.cpp,audacity
HelpSystem.cpp,/Volumes/GoogleDrive/My Drive/dev/audacity-master/src/widgets/HelpSystem.cpp,audacity
HtmlWindow.cpp,/Volumes/GoogleDrive/My Drive/dev/audacity-master/src/widgets/HtmlWindow.cpp,audacity
ImageRoll.cpp,/Volumes/GoogleDrive/My Drive/dev/audacity-master/src/widgets/ImageRoll.cpp,audacity
KeyView.cpp,/Volumes/GoogleDrive/My Drive/dev/audacity-master/src/widgets/KeyView.cpp,audacity
MeterPanel.cpp,/Volumes/GoogleDrive/My Drive/dev/audacity-master/src/widgets/MeterPanel.cpp,audacity
MeterPanelBase.cpp,/Volumes/GoogleDrive/My Drive/dev/audacity-master/src/widgets/MeterPanelBase.cpp,audacity
MultiDialog.cpp,/Volumes/GoogleDrive/My Drive/dev/audacity-master/src/widgets/MultiDialog.cpp,audacity
NumericTextCtrl.cpp,/Volumes/GoogleDrive/My Drive/dev/audacity-master/src/widgets/NumericTextCtrl.cpp,audacity
Overlay.cpp,/Volumes/GoogleDrive/My Drive/dev/audacity-master/src/widgets/Overlay.cpp,audacity
OverlayPanel.cpp,/Volumes/GoogleDrive/My Drive/dev/audacity-master/src/widgets/OverlayPanel.cpp,audacity
PopupMenuTable.cpp,/Volumes/GoogleDrive/My Drive/dev/audacity-master/src/widgets/PopupMenuTable.cpp,audacity
ProgressDialog.cpp,/Volumes/GoogleDrive/My Drive/dev/audacity-master/src/widgets/ProgressDialog.cpp,audacity
Ruler.cpp,/Volumes/GoogleDrive/My Drive/dev/audacity-master/src/widgets/Ruler.cpp,audacity
UnwritableLocationErrorDialog.cpp,/Volumes/GoogleDrive/My Drive/dev/audacity-master/src/widgets/UnwritableLocationErrorDialog.cpp,audacity
Warning.cpp,/Volumes/GoogleDrive/My Drive/dev/audacity-master/src/widgets/Warning.cpp,audacity
WindowAccessible.cpp,/Volumes/GoogleDrive/My Drive/dev/audacity-master/src/widgets/WindowAccessible.cpp,audacity
numformatter.cpp,/Volumes/GoogleDrive/My Drive/dev/audacity-master/src/widgets/numformatter.cpp,audacity
valnum.cpp,/Volumes/GoogleDrive/My Drive/dev/audacity-master/src/widgets/valnum.cpp,audacity
wxPanelWrapper.cpp,/Volumes/GoogleDrive/My Drive/dev/audacity-master/src/widgets/wxPanelWrapper.cpp,audacity
wxWidgetsBasicUI.cpp,/Volumes/GoogleDrive/My Drive/dev/audacity-master/src/widgets/wxWidgetsBasicUI.cpp,audacity
CrashReportContext.cpp,/Volumes/GoogleDrive/My Drive/dev/audacity-master/crashreports/internal/unix/CrashReportContext.cpp,audacity
CrashReportContext.cpp,/Volumes/GoogleDrive/My Drive/dev/audacity-master/crashreports/internal/win32/CrashReportContext.cpp,audacity
buffer.cpp,/Volumes/GoogleDrive/My Drive/dev/audacity-master/lib-src/libsbsms/src/buffer.cpp,audacity
dBTable.cpp,/Volumes/GoogleDrive/My Drive/dev/audacity-master/lib-src/libsbsms/src/dBTable.cpp,audacity
fft.cpp,/Volumes/GoogleDrive/My Drive/dev/audacity-master/lib-src/libsbsms/src/fft.cpp,audacity
grain.cpp,/Volumes/GoogleDrive/My Drive/dev/audacity-master/lib-src/libsbsms/src/grain.cpp,audacity
resample.cpp,/Volumes/GoogleDrive/My Drive/dev/audacity-master/lib-src/libsbsms/src/resample.cpp,audacity
sbsms.cpp,/Volumes/GoogleDrive/My Drive/dev/audacity-master/lib-src/libsbsms/src/sbsms.cpp,audacity
slide.cpp,/Volumes/GoogleDrive/My Drive/dev/audacity-master/lib-src/libsbsms/src/slide.cpp,audacity
sms.cpp,/Volumes/GoogleDrive/My Drive/dev/audacity-master/lib-src/libsbsms/src/sms.cpp,audacity
subband.cpp,/Volumes/GoogleDrive/My Drive/dev/audacity-master/lib-src/libsbsms/src/subband.cpp,audacity
track.cpp,/Volumes/GoogleDrive/My Drive/dev/audacity-master/lib-src/libsbsms/src/track.cpp,audacity
trackpoint.cpp,/Volumes/GoogleDrive/My Drive/dev/audacity-master/lib-src/libsbsms/src/trackpoint.cpp,audacity
compare.cpp,/Volumes/GoogleDrive/My Drive/dev/audacity-master/lib-src/libscorealign/compare_transcripts/compare.cpp,audacity
FFT3.cpp,/Volumes/GoogleDrive/My Drive/dev/audacity-master/lib-src/libscorealign/fft3/FFT3.cpp,audacity
AmplitudeFollower.cpp,/Volumes/GoogleDrive/My Drive/dev/audacity-master/lib-src/libvamp/examples/AmplitudeFollower.cpp,audacity
FixedTempoEstimator.cpp,/Volumes/GoogleDrive/My Drive/dev/audacity-master/lib-src/libvamp/examples/FixedTempoEstimator.cpp,audacity
PercussionOnsetDetector.cpp,/Volumes/GoogleDrive/My Drive/dev/audacity-master/lib-src/libvamp/examples/PercussionOnsetDetector.cpp,audacity
PowerSpectrum.cpp,/Volumes/GoogleDrive/My Drive/dev/audacity-master/lib-src/libvamp/examples/PowerSpectrum.cpp,audacity
SpectralCentroid.cpp,/Volumes/GoogleDrive/My Drive/dev/audacity-master/lib-src/libvamp/examples/SpectralCentroid.cpp,audacity
ZeroCrossing.cpp,/Volumes/GoogleDrive/My Drive/dev/audacity-master/lib-src/libvamp/examples/ZeroCrossing.cpp,audacity
plugins.cpp,/Volumes/GoogleDrive/My Drive/dev/audacity-master/lib-src/libvamp/examples/plugins.cpp,audacity
vamp-simple-host.cpp,/Volumes/GoogleDrive/My Drive/dev/audacity-master/lib-src/libvamp/host/vamp-simple-host.cpp,audacity
MyPlugin.cpp,/Volumes/GoogleDrive/My Drive/dev/audacity-master/lib-src/libvamp/skeleton/MyPlugin.cpp,audacity
plugins.cpp,/Volumes/GoogleDrive/My Drive/dev/audacity-master/lib-src/libvamp/skeleton/plugins.cpp,audacity
allegroconvert.cpp,/Volumes/GoogleDrive/My Drive/dev/audacity-master/lib-src/portsmf/apps/allegroconvert.cpp,audacity
allegroplay.cpp,/Volumes/GoogleDrive/My Drive/dev/audacity-master/lib-src/portsmf/apps/allegroplay.cpp,audacity
seq2midi.cpp,/Volumes/GoogleDrive/My Drive/dev/audacity-master/lib-src/portsmf/apps/seq2midi.cpp,audacity
portsmf_test.cpp,/Volumes/GoogleDrive/My Drive/dev/audacity-master/lib-src/portsmf/portsmf_test/portsmf_test.cpp,audacity
CurlHandleManager.cpp,/Volumes/GoogleDrive/My Drive/dev/audacity-master/libraries/lib-network-manager/curl/CurlHandleManager.cpp,audacity
CurlResponse.cpp,/Volumes/GoogleDrive/My Drive/dev/audacity-master/libraries/lib-network-manager/curl/CurlResponse.cpp,audacity
CurlResponseFactory.cpp,/Volumes/GoogleDrive/My Drive/dev/audacity-master/libraries/lib-network-manager/curl/CurlResponseFactory.cpp,audacity
CurlStringList.cpp,/Volumes/GoogleDrive/My Drive/dev/audacity-master/libraries/lib-network-manager/curl/CurlStringList.cpp,audacity
VSTControlGTK.cpp,/Volumes/GoogleDrive/My Drive/dev/audacity-master/src/effects/VST/VSTControlGTK.cpp,audacity
VSTControlMSW.cpp,/Volumes/GoogleDrive/My Drive/dev/audacity-master/src/effects/VST/VSTControlMSW.cpp,audacity
VSTEffect.cpp,/Volumes/GoogleDrive/My Drive/dev/audacity-master/src/effects/VST/VSTEffect.cpp,audacity
AudioUnitEffect.cpp,/Volumes/GoogleDrive/My Drive/dev/audacity-master/src/effects/audiounits/AudioUnitEffect.cpp,audacity
LadspaEffect.cpp,/Volumes/GoogleDrive/My Drive/dev/audacity-master/src/effects/ladspa/LadspaEffect.cpp,audacity
LV2Effect.cpp,/Volumes/GoogleDrive/My Drive/dev/audacity-master/src/effects/lv2/LV2Effect.cpp,audacity
LoadLV2.cpp,/Volumes/GoogleDrive/My Drive/dev/audacity-master/src/effects/lv2/LoadLV2.cpp,audacity
LoadNyquist.cpp,/Volumes/GoogleDrive/My Drive/dev/audacity-master/src/effects/nyquist/LoadNyquist.cpp,audacity
Nyquist.cpp,/Volumes/GoogleDrive/My Drive/dev/audacity-master/src/effects/nyquist/Nyquist.cpp,audacity
LoadVamp.cpp,/Volumes/GoogleDrive/My Drive/dev/audacity-master/src/effects/vamp/LoadVamp.cpp,audacity
VampEffect.cpp,/Volumes/GoogleDrive/My Drive/dev/audacity-master/src/effects/vamp/VampEffect.cpp,audacity
AffordanceHandle.cpp,/Volumes/GoogleDrive/My Drive/dev/audacity-master/src/tracks/ui/AffordanceHandle.cpp,audacity
BackgroundCell.cpp,/Volumes/GoogleDrive/My Drive/dev/audacity-master/src/tracks/ui/BackgroundCell.cpp,audacity
BrushHandle.cpp,/Volumes/GoogleDrive/My Drive/dev/audacity-master/src/tracks/ui/BrushHandle.cpp,audacity
ButtonHandle.cpp,/Volumes/GoogleDrive/My Drive/dev/audacity-master/src/tracks/ui/ButtonHandle.cpp,audacity
CommonTrackControls.cpp,/Volumes/GoogleDrive/My Drive/dev/audacity-master/src/tracks/ui/CommonTrackControls.cpp,audacity
CommonTrackPanelCell.cpp,/Volumes/GoogleDrive/My Drive/dev/audacity-master/src/tracks/ui/CommonTrackPanelCell.cpp,audacity
CommonTrackView.cpp,/Volumes/GoogleDrive/My Drive/dev/audacity-master/src/tracks/ui/CommonTrackView.cpp,audacity
EditCursorOverlay.cpp,/Volumes/GoogleDrive/My Drive/dev/audacity-master/src/tracks/ui/EditCursorOverlay.cpp,audacity
EnvelopeHandle.cpp,/Volumes/GoogleDrive/My Drive/dev/audacity-master/src/tracks/ui/EnvelopeHandle.cpp,audacity
PlayIndicatorOverlay.cpp,/Volumes/GoogleDrive/My Drive/dev/audacity-master/src/tracks/ui/PlayIndicatorOverlay.cpp,audacity
ScrubUI.cpp,/Volumes/GoogleDrive/My Drive/dev/audacity-master/src/tracks/ui/ScrubUI.cpp,audacity
Scrubbing.cpp,/Volumes/GoogleDrive/My Drive/dev/audacity-master/src/tracks/ui/Scrubbing.cpp,audacity
SelectHandle.cpp,/Volumes/GoogleDrive/My Drive/dev/audacity-master/src/tracks/ui/SelectHandle.cpp,audacity
SliderHandle.cpp,/Volumes/GoogleDrive/My Drive/dev/audacity-master/src/tracks/ui/SliderHandle.cpp,audacity
TextEditHelper.cpp,/Volumes/GoogleDrive/My Drive/dev/audacity-master/src/tracks/ui/TextEditHelper.cpp,audacity
TimeShiftHandle.cpp,/Volumes/GoogleDrive/My Drive/dev/audacity-master/src/tracks/ui/TimeShiftHandle.cpp,audacity
TrackButtonHandles.cpp,/Volumes/GoogleDrive/My Drive/dev/audacity-master/src/tracks/ui/TrackButtonHandles.cpp,audacity
TrackControls.cpp,/Volumes/GoogleDrive/My Drive/dev/audacity-master/src/tracks/ui/TrackControls.cpp,audacity
TrackSelectHandle.cpp,/Volumes/GoogleDrive/My Drive/dev/audacity-master/src/tracks/ui/TrackSelectHandle.cpp,audacity
TrackVRulerControls.cpp,/Volumes/GoogleDrive/My Drive/dev/audacity-master/src/tracks/ui/TrackVRulerControls.cpp,audacity
TrackView.cpp,/Volumes/GoogleDrive/My Drive/dev/audacity-master/src/tracks/ui/TrackView.cpp,audacity
ZoomHandle.cpp,/Volumes/GoogleDrive/My Drive/dev/audacity-master/src/tracks/ui/ZoomHandle.cpp,audacity
FileDialog.cpp,/Volumes/GoogleDrive/My Drive/dev/audacity-master/src/widgets/FileDialog/FileDialog.cpp,audacity
f0.cpp,/Volumes/GoogleDrive/My Drive/dev/audacity-master/lib-src/libnyquist/nyquist/nyqsrc/f0.cpp,audacity
instr.cpp,/Volumes/GoogleDrive/My Drive/dev/audacity-master/lib-src/libnyquist/nyquist/nyqstk/instr.cpp,audacity
stkinit.cpp,/Volumes/GoogleDrive/My Drive/dev/audacity-master/lib-src/libnyquist/nyquist/nyqstk/stkinit.cpp,audacity
stkint.cpp,/Volumes/GoogleDrive/My Drive/dev/audacity-master/lib-src/libnyquist/nyquist/nyqstk/stkint.cpp,audacity
vamp-rdf-template-generator.cpp,/Volumes/GoogleDrive/My Drive/dev/audacity-master/lib-src/libvamp/rdf/generator/vamp-rdf-template-generator.cpp,audacity
PluginBufferingAdapter.cpp,/Volumes/GoogleDrive/My Drive/dev/audacity-master/lib-src/libvamp/src/vamp-hostsdk/PluginBufferingAdapter.cpp,audacity
PluginChannelAdapter.cpp,/Volumes/GoogleDrive/My Drive/dev/audacity-master/lib-src/libvamp/src/vamp-hostsdk/PluginChannelAdapter.cpp,audacity
PluginHostAdapter.cpp,/Volumes/GoogleDrive/My Drive/dev/audacity-master/lib-src/libvamp/src/vamp-hostsdk/PluginHostAdapter.cpp,audacity
PluginInputDomainAdapter.cpp,/Volumes/GoogleDrive/My Drive/dev/audacity-master/lib-src/libvamp/src/vamp-hostsdk/PluginInputDomainAdapter.cpp,audacity
PluginLoader.cpp,/Volumes/GoogleDrive/My Drive/dev/audacity-master/lib-src/libvamp/src/vamp-hostsdk/PluginLoader.cpp,audacity
PluginSummarisingAdapter.cpp,/Volumes/GoogleDrive/My Drive/dev/audacity-master/lib-src/libvamp/src/vamp-hostsdk/PluginSummarisingAdapter.cpp,audacity
PluginWrapper.cpp,/Volumes/GoogleDrive/My Drive/dev/audacity-master/lib-src/libvamp/src/vamp-hostsdk/PluginWrapper.cpp,audacity
RealTime.cpp,/Volumes/GoogleDrive/My Drive/dev/audacity-master/lib-src/libvamp/src/vamp-hostsdk/RealTime.cpp,audacity
FFT.cpp,/Volumes/GoogleDrive/My Drive/dev/audacity-master/lib-src/libvamp/src/vamp-sdk/FFT.cpp,audacity
FFTimpl.cpp,/Volumes/GoogleDrive/My Drive/dev/audacity-master/lib-src/libvamp/src/vamp-sdk/FFTimpl.cpp,audacity
PluginAdapter.cpp,/Volumes/GoogleDrive/My Drive/dev/audacity-master/lib-src/libvamp/src/vamp-sdk/PluginAdapter.cpp,audacity
RealTime.cpp,/Volumes/GoogleDrive/My Drive/dev/audacity-master/lib-src/libvamp/src/vamp-sdk/RealTime.cpp,audacity
lilv_cxx_test.cpp,/Volumes/GoogleDrive/My Drive/dev/audacity-master/lib-src/lv2/lilv/test/lilv_cxx_test.cpp,audacity
sordmm_test.cpp,/Volumes/GoogleDrive/My Drive/dev/audacity-master/lib-src/lv2/sord/src/sordmm_test.cpp,audacity
gtk2_in_qt4.cpp,/Volumes/GoogleDrive/My Drive/dev/audacity-master/lib-src/lv2/suil/src/gtk2_in_qt4.cpp,audacity
gtk2_in_qt5.cpp,/Volumes/GoogleDrive/My Drive/dev/audacity-master/lib-src/lv2/suil/src/gtk2_in_qt5.cpp,audacity
qt4_in_gtk2.cpp,/Volumes/GoogleDrive/My Drive/dev/audacity-master/lib-src/lv2/suil/src/qt4_in_gtk2.cpp,audacity
qt5_in_gtk.cpp,/Volumes/GoogleDrive/My Drive/dev/audacity-master/lib-src/lv2/suil/src/qt5_in_gtk.cpp,audacity
win_in_gtk2.cpp,/Volumes/GoogleDrive/My Drive/dev/audacity-master/lib-src/lv2/suil/src/win_in_gtk2.cpp,audacity
x11_in_qt4.cpp,/Volumes/GoogleDrive/My Drive/dev/audacity-master/lib-src/lv2/suil/src/x11_in_qt4.cpp,audacity
x11_in_qt5.cpp,/Volumes/GoogleDrive/My Drive/dev/audacity-master/lib-src/lv2/suil/src/x11_in_qt5.cpp,audacity
RunParameters.cpp,/Volumes/GoogleDrive/My Drive/dev/audacity-master/lib-src/soundtouch/source/SoundStretch/RunParameters.cpp,audacity
WavFile.cpp,/Volumes/GoogleDrive/My Drive/dev/audacity-master/lib-src/soundtouch/source/SoundStretch/WavFile.cpp,audacity
main.cpp,/Volumes/GoogleDrive/My Drive/dev/audacity-master/lib-src/soundtouch/source/SoundStretch/main.cpp,audacity
AAFilter.cpp,/Volumes/GoogleDrive/My Drive/dev/audacity-master/lib-src/soundtouch/source/SoundTouch/AAFilter.cpp,audacity
BPMDetect.cpp,/Volumes/GoogleDrive/My Drive/dev/audacity-master/lib-src/soundtouch/source/SoundTouch/BPMDetect.cpp,audacity
FIFOSampleBuffer.cpp,/Volumes/GoogleDrive/My Drive/dev/audacity-master/lib-src/soundtouch/source/SoundTouch/FIFOSampleBuffer.cpp,audacity
FIRFilter.cpp,/Volumes/GoogleDrive/My Drive/dev/audacity-master/lib-src/soundtouch/source/SoundTouch/FIRFilter.cpp,audacity
PeakFinder.cpp,/Volumes/GoogleDrive/My Drive/dev/audacity-master/lib-src/soundtouch/source/SoundTouch/PeakFinder.cpp,audacity
RateTransposer.cpp,/Volumes/GoogleDrive/My Drive/dev/audacity-master/lib-src/soundtouch/source/SoundTouch/RateTransposer.cpp,audacity
SoundTouch.cpp,/Volumes/GoogleDrive/My Drive/dev/audacity-master/lib-src/soundtouch/source/SoundTouch/SoundTouch.cpp,audacity
TDStretch.cpp,/Volumes/GoogleDrive/My Drive/dev/audacity-master/lib-src/soundtouch/source/SoundTouch/TDStretch.cpp,audacity
cpu_detect_x86.cpp,/Volumes/GoogleDrive/My Drive/dev/audacity-master/lib-src/soundtouch/source/SoundTouch/cpu_detect_x86.cpp,audacity
mmx_optimized.cpp,/Volumes/GoogleDrive/My Drive/dev/audacity-master/lib-src/soundtouch/source/SoundTouch/mmx_optimized.cpp,audacity
sse_optimized.cpp,/Volumes/GoogleDrive/My Drive/dev/audacity-master/lib-src/soundtouch/source/SoundTouch/sse_optimized.cpp,audacity
SoundTouchDLL.cpp,/Volumes/GoogleDrive/My Drive/dev/audacity-master/lib-src/soundtouch/source/SoundTouchDLL/SoundTouchDLL.cpp,audacity
ring.cpp,/Volumes/GoogleDrive/My Drive/dev/audacity-master/src/effects/lv2/zix/ring.cpp,audacity
LabelDefaultClickHandle.cpp,/Volumes/GoogleDrive/My Drive/dev/audacity-master/src/tracks/labeltrack/ui/LabelDefaultClickHandle.cpp,audacity
LabelGlyphHandle.cpp,/Volumes/GoogleDrive/My Drive/dev/audacity-master/src/tracks/labeltrack/ui/LabelGlyphHandle.cpp,audacity
LabelTextHandle.cpp,/Volumes/GoogleDrive/My Drive/dev/audacity-master/src/tracks/labeltrack/ui/LabelTextHandle.cpp,audacity
LabelTrackControls.cpp,/Volumes/GoogleDrive/My Drive/dev/audacity-master/src/tracks/labeltrack/ui/LabelTrackControls.cpp,audacity
LabelTrackShifter.cpp,/Volumes/GoogleDrive/My Drive/dev/audacity-master/src/tracks/labeltrack/ui/LabelTrackShifter.cpp,audacity
LabelTrackVRulerControls.cpp,/Volumes/GoogleDrive/My Drive/dev/audacity-master/src/tracks/labeltrack/ui/LabelTrackVRulerControls.cpp,audacity
LabelTrackView.cpp,/Volumes/GoogleDrive/My Drive/dev/audacity-master/src/tracks/labeltrack/ui/LabelTrackView.cpp,audacity
PlayableTrackButtonHandles.cpp,/Volumes/GoogleDrive/My Drive/dev/audacity-master/src/tracks/playabletrack/ui/PlayableTrackButtonHandles.cpp,audacity
PlayableTrackControls.cpp,/Volumes/GoogleDrive/My Drive/dev/audacity-master/src/tracks/playabletrack/ui/PlayableTrackControls.cpp,audacity
TimeTrackControls.cpp,/Volumes/GoogleDrive/My Drive/dev/audacity-master/src/tracks/timetrack/ui/TimeTrackControls.cpp,audacity
TimeTrackVRulerControls.cpp,/Volumes/GoogleDrive/My Drive/dev/audacity-master/src/tracks/timetrack/ui/TimeTrackVRulerControls.cpp,audacity
TimeTrackVZoomHandle.cpp,/Volumes/GoogleDrive/My Drive/dev/audacity-master/src/tracks/timetrack/ui/TimeTrackVZoomHandle.cpp,audacity
TimeTrackView.cpp,/Volumes/GoogleDrive/My Drive/dev/audacity-master/src/tracks/timetrack/ui/TimeTrackView.cpp,audacity
FileDialogPrivate.cpp,/Volumes/GoogleDrive/My Drive/dev/audacity-master/src/widgets/FileDialog/gtk/FileDialogPrivate.cpp,audacity
FileDialogPrivate.cpp,/Volumes/GoogleDrive/My Drive/dev/audacity-master/src/widgets/FileDialog/win/FileDialogPrivate.cpp,audacity
ADSR.cpp,/Volumes/GoogleDrive/My Drive/dev/audacity-master/lib-src/libnyquist/nyquist/nyqstk/src/ADSR.cpp,audacity
BandedWG.cpp,/Volumes/GoogleDrive/My Drive/dev/audacity-master/lib-src/libnyquist/nyquist/nyqstk/src/BandedWG.cpp,audacity
BiQuad.cpp,/Volumes/GoogleDrive/My Drive/dev/audacity-master/lib-src/libnyquist/nyquist/nyqstk/src/BiQuad.cpp,audacity
BowTable.cpp,/Volumes/GoogleDrive/My Drive/dev/audacity-master/lib-src/libnyquist/nyquist/nyqstk/src/BowTable.cpp,audacity
Bowed.cpp,/Volumes/GoogleDrive/My Drive/dev/audacity-master/lib-src/libnyquist/nyquist/nyqstk/src/Bowed.cpp,audacity
Chorus.cpp,/Volumes/GoogleDrive/My Drive/dev/audacity-master/lib-src/libnyquist/nyquist/nyqstk/src/Chorus.cpp,audacity
Clarinet.cpp,/Volumes/GoogleDrive/My Drive/dev/audacity-master/lib-src/libnyquist/nyquist/nyqstk/src/Clarinet.cpp,audacity
Delay.cpp,/Volumes/GoogleDrive/My Drive/dev/audacity-master/lib-src/libnyquist/nyquist/nyqstk/src/Delay.cpp,audacity
DelayA.cpp,/Volumes/GoogleDrive/My Drive/dev/audacity-master/lib-src/libnyquist/nyquist/nyqstk/src/DelayA.cpp,audacity
DelayL.cpp,/Volumes/GoogleDrive/My Drive/dev/audacity-master/lib-src/libnyquist/nyquist/nyqstk/src/DelayL.cpp,audacity
Effect.cpp,/Volumes/GoogleDrive/My Drive/dev/audacity-master/lib-src/libnyquist/nyquist/nyqstk/src/Effect.cpp,audacity
Envelope.cpp,/Volumes/GoogleDrive/My Drive/dev/audacity-master/lib-src/libnyquist/nyquist/nyqstk/src/Envelope.cpp,audacity
FileRead.cpp,/Volumes/GoogleDrive/My Drive/dev/audacity-master/lib-src/libnyquist/nyquist/nyqstk/src/FileRead.cpp,audacity
FileWvIn.cpp,/Volumes/GoogleDrive/My Drive/dev/audacity-master/lib-src/libnyquist/nyquist/nyqstk/src/FileWvIn.cpp,audacity
Filter.cpp,/Volumes/GoogleDrive/My Drive/dev/audacity-master/lib-src/libnyquist/nyquist/nyqstk/src/Filter.cpp,audacity
Flute.cpp,/Volumes/GoogleDrive/My Drive/dev/audacity-master/lib-src/libnyquist/nyquist/nyqstk/src/Flute.cpp,audacity
Function.cpp,/Volumes/GoogleDrive/My Drive/dev/audacity-master/lib-src/libnyquist/nyquist/nyqstk/src/Function.cpp,audacity
Generator.cpp,/Volumes/GoogleDrive/My Drive/dev/audacity-master/lib-src/libnyquist/nyquist/nyqstk/src/Generator.cpp,audacity
Instrmnt.cpp,/Volumes/GoogleDrive/My Drive/dev/audacity-master/lib-src/libnyquist/nyquist/nyqstk/src/Instrmnt.cpp,audacity
JCRev.cpp,/Volumes/GoogleDrive/My Drive/dev/audacity-master/lib-src/libnyquist/nyquist/nyqstk/src/JCRev.cpp,audacity
JetTable.cpp,/Volumes/GoogleDrive/My Drive/dev/audacity-master/lib-src/libnyquist/nyquist/nyqstk/src/JetTable.cpp,audacity
Mandolin.cpp,/Volumes/GoogleDrive/My Drive/dev/audacity-master/lib-src/libnyquist/nyquist/nyqstk/src/Mandolin.cpp,audacity
Modal.cpp,/Volumes/GoogleDrive/My Drive/dev/audacity-master/lib-src/libnyquist/nyquist/nyqstk/src/Modal.cpp,audacity
ModalBar.cpp,/Volumes/GoogleDrive/My Drive/dev/audacity-master/lib-src/libnyquist/nyquist/nyqstk/src/ModalBar.cpp,audacity
NRev.cpp,/Volumes/GoogleDrive/My Drive/dev/audacity-master/lib-src/libnyquist/nyquist/nyqstk/src/NRev.cpp,audacity
Noise.cpp,/Volumes/GoogleDrive/My Drive/dev/audacity-master/lib-src/libnyquist/nyquist/nyqstk/src/Noise.cpp,audacity
OnePole.cpp,/Volumes/GoogleDrive/My Drive/dev/audacity-master/lib-src/libnyquist/nyquist/nyqstk/src/OnePole.cpp,audacity
OneZero.cpp,/Volumes/GoogleDrive/My Drive/dev/audacity-master/lib-src/libnyquist/nyquist/nyqstk/src/OneZero.cpp,audacity
PRCRev.cpp,/Volumes/GoogleDrive/My Drive/dev/audacity-master/lib-src/libnyquist/nyquist/nyqstk/src/PRCRev.cpp,audacity
PitShift.cpp,/Volumes/GoogleDrive/My Drive/dev/audacity-master/lib-src/libnyquist/nyquist/nyqstk/src/PitShift.cpp,audacity
PluckTwo.cpp,/Volumes/GoogleDrive/My Drive/dev/audacity-master/lib-src/libnyquist/nyquist/nyqstk/src/PluckTwo.cpp,audacity
PoleZero.cpp,/Volumes/GoogleDrive/My Drive/dev/audacity-master/lib-src/libnyquist/nyquist/nyqstk/src/PoleZero.cpp,audacity
ReedTabl.cpp,/Volumes/GoogleDrive/My Drive/dev/audacity-master/lib-src/libnyquist/nyquist/nyqstk/src/ReedTabl.cpp,audacity
ReedTable.cpp,/Volumes/GoogleDrive/My Drive/dev/audacity-master/lib-src/libnyquist/nyquist/nyqstk/src/ReedTable.cpp,audacity
Saxofony.cpp,/Volumes/GoogleDrive/My Drive/dev/audacity-master/lib-src/libnyquist/nyquist/nyqstk/src/Saxofony.cpp,audacity
SineWave.cpp,/Volumes/GoogleDrive/My Drive/dev/audacity-master/lib-src/libnyquist/nyquist/nyqstk/src/SineWave.cpp,audacity
Sitar.cpp,/Volumes/GoogleDrive/My Drive/dev/audacity-master/lib-src/libnyquist/nyquist/nyqstk/src/Sitar.cpp,audacity
Stk.cpp,/Volumes/GoogleDrive/My Drive/dev/audacity-master/lib-src/libnyquist/nyquist/nyqstk/src/Stk.cpp,audacity
WaveLoop.cpp,/Volumes/GoogleDrive/My Drive/dev/audacity-master/lib-src/libnyquist/nyquist/nyqstk/src/WaveLoop.cpp,audacity
WvIn.cpp,/Volumes/GoogleDrive/My Drive/dev/audacity-master/lib-src/libnyquist/nyquist/nyqstk/src/WvIn.cpp,audacity
soundtouch-jni.cpp,/Volumes/GoogleDrive/My Drive/dev/audacity-master/lib-src/soundtouch/source/Android-lib/jni/soundtouch-jni.cpp,audacity
NoteTrackAffordanceControls.cpp,/Volumes/GoogleDrive/My Drive/dev/audacity-master/src/tracks/playabletrack/notetrack/ui/NoteTrackAffordanceControls.cpp,audacity
NoteTrackButtonHandle.cpp,/Volumes/GoogleDrive/My Drive/dev/audacity-master/src/tracks/playabletrack/notetrack/ui/NoteTrackButtonHandle.cpp,audacity
NoteTrackControls.cpp,/Volumes/GoogleDrive/My Drive/dev/audacity-master/src/tracks/playabletrack/notetrack/ui/NoteTrackControls.cpp,audacity
NoteTrackShifter.cpp,/Volumes/GoogleDrive/My Drive/dev/audacity-master/src/tracks/playabletrack/notetrack/ui/NoteTrackShifter.cpp,audacity
NoteTrackSliderHandles.cpp,/Volumes/GoogleDrive/My Drive/dev/audacity-master/src/tracks/playabletrack/notetrack/ui/NoteTrackSliderHandles.cpp,audacity
NoteTrackVRulerControls.cpp,/Volumes/GoogleDrive/My Drive/dev/audacity-master/src/tracks/playabletrack/notetrack/ui/NoteTrackVRulerControls.cpp,audacity
NoteTrackVZoomHandle.cpp,/Volumes/GoogleDrive/My Drive/dev/audacity-master/src/tracks/playabletrack/notetrack/ui/NoteTrackVZoomHandle.cpp,audacity
NoteTrackView.cpp,/Volumes/GoogleDrive/My Drive/dev/audacity-master/src/tracks/playabletrack/notetrack/ui/NoteTrackView.cpp,audacity
StretchHandle.cpp,/Volumes/GoogleDrive/My Drive/dev/audacity-master/src/tracks/playabletrack/notetrack/ui/StretchHandle.cpp,audacity
CutlineHandle.cpp,/Volumes/GoogleDrive/My Drive/dev/audacity-master/src/tracks/playabletrack/wavetrack/ui/CutlineHandle.cpp,audacity
SampleHandle.cpp,/Volumes/GoogleDrive/My Drive/dev/audacity-master/src/tracks/playabletrack/wavetrack/ui/SampleHandle.cpp,audacity
SpectrumVRulerControls.cpp,/Volumes/GoogleDrive/My Drive/dev/audacity-master/src/tracks/playabletrack/wavetrack/ui/SpectrumVRulerControls.cpp,audacity
SpectrumVZoomHandle.cpp,/Volumes/GoogleDrive/My Drive/dev/audacity-master/src/tracks/playabletrack/wavetrack/ui/SpectrumVZoomHandle.cpp,audacity
SpectrumView.cpp,/Volumes/GoogleDrive/My Drive/dev/audacity-master/src/tracks/playabletrack/wavetrack/ui/SpectrumView.cpp,audacity
WaveTrackAffordanceControls.cpp,/Volumes/GoogleDrive/My Drive/dev/audacity-master/src/tracks/playabletrack/wavetrack/ui/WaveTrackAffordanceControls.cpp,audacity
WaveTrackControls.cpp,/Volumes/GoogleDrive/My Drive/dev/audacity-master/src/tracks/playabletrack/wavetrack/ui/WaveTrackControls.cpp,audacity
WaveTrackShifter.cpp,/Volumes/GoogleDrive/My Drive/dev/audacity-master/src/tracks/playabletrack/wavetrack/ui/WaveTrackShifter.cpp,audacity
WaveTrackSliderHandles.cpp,/Volumes/GoogleDrive/My Drive/dev/audacity-master/src/tracks/playabletrack/wavetrack/ui/WaveTrackSliderHandles.cpp,audacity
WaveTrackVRulerControls.cpp,/Volumes/GoogleDrive/My Drive/dev/audacity-master/src/tracks/playabletrack/wavetrack/ui/WaveTrackVRulerControls.cpp,audacity
WaveTrackVZoomHandle.cpp,/Volumes/GoogleDrive/My Drive/dev/audacity-master/src/tracks/playabletrack/wavetrack/ui/WaveTrackVZoomHandle.cpp,audacity
WaveTrackView.cpp,/Volumes/GoogleDrive/My Drive/dev/audacity-master/src/tracks/playabletrack/wavetrack/ui/WaveTrackView.cpp,audacity
WaveTrackViewConstants.cpp,/Volumes/GoogleDrive/My Drive/dev/audacity-master/src/tracks/playabletrack/wavetrack/ui/WaveTrackViewConstants.cpp,audacity
WaveformVRulerControls.cpp,/Volumes/GoogleDrive/My Drive/dev/audacity-master/src/tracks/playabletrack/wavetrack/ui/WaveformVRulerControls.cpp,audacity
WaveformVZoomHandle.cpp,/Volumes/GoogleDrive/My Drive/dev/audacity-master/src/tracks/playabletrack/wavetrack/ui/WaveformVZoomHandle.cpp,audacity
WaveformView.cpp,/Volumes/GoogleDrive/My Drive/dev/audacity-master/src/tracks/playabletrack/wavetrack/ui/WaveformView.cpp,audacity
longque.cpp,/Volumes/GoogleDrive/My Drive/dev/audacity-master/lib-src/libnyquist/nyquist/sys/win/wingui/longque.cpp,audacity
textio.cpp,/Volumes/GoogleDrive/My Drive/dev/audacity-master/lib-src/libnyquist/nyquist/sys/win/wingui/textio.cpp,audacity
winmain.cpp,/Volumes/GoogleDrive/My Drive/dev/audacity-master/lib-src/libnyquist/nyquist/sys/win/wingui/winmain.cpp,audacity
