"","pr","X0"
"1",87,0
"2",88,0
"3",91,0
"4",92,0
"5",95,0
"6",97,0
"7",98,0
"8",102,0
"9",103,0
"10",104,0
"11",106,0
"12",107,0
"13",110,0
"14",111,0
"15",112,0
"16",113,0
"17",114,0
"18",115,0
"19",116,0
"20",117,0
"21",118,0
"22",119,0
"23",120,0
"24",121,0
"25",122,0
"26",123,0
"27",124,0
"28",126,0
"29",129,0
"30",130,0
"31",131,0
"32",132,0
"33",133,0
"34",134,0
"35",135,0
"36",136,0
"37",138,0
"38",139,0
"39",141,0
"40",142,0
"41",144,0
"42",145,0
"43",148,0
"44",149,0
"45",151,0
"46",152,0
"47",153,0
"48",154,0
"49",155,0
"50",156,0
"51",157,0
"52",159,0
"53",160,0
"54",161,0
"55",167,0
"56",168,0
"57",169,0
"58",170,0
"59",171,0
"60",173,0
"61",174,0
"62",177,0
"63",180,0
"64",181,0
"65",184,0
"66",185,0
"67",186,0
"68",190,0
"69",191,0
"70",194,0
"71",199,0
"72",201,0
"73",202,0
"74",203,0
"75",207,0
"76",208,0
"77",209,0
"78",210,0
"79",212,0
"80",213,0
"81",214,0
"82",216,0
"83",220,0
"84",221,0
"85",223,0
"86",231,0
"87",234,0
"88",238,0
"89",240,0
"90",243,0
"91",244,0
"92",245,0
"93",247,0
"94",250,0
"95",254,0
"96",260,0
"97",262,0
"98",263,0
"99",268,0
"100",269,0
"101",271,0
"102",275,0
"103",278,0
"104",279,0
"105",282,0
"106",284,0
"107",285,0
"108",288,0
"109",289,0
"110",290,0
"111",293,0
"112",295,0
"113",296,0
"114",312,0
"115",313,0
"116",314,0
"117",315,0
"118",316,0
"119",318,0
"120",328,0
"121",333,0
"122",341,0
"123",344,0
"124",345,0
"125",346,0
"126",348,0
"127",349,0
"128",350,0
"129",358,0
"130",360,0
"131",363,0
"132",364,0
"133",365,0
"134",366,0
"135",367,0
"136",369,0
"137",372,0
"138",376,0
"139",382,0
"140",383,0
"141",384,0
"142",385,0
"143",386,0
"144",388,0
"145",389,0
"146",393,0
"147",395,0
"148",397,0
"149",398,0
"150",399,0
"151",400,0
"152",402,0
"153",405,0
"154",408,0
"155",409,0
"156",410,0
"157",411,0
"158",412,0
"159",413,0
"160",414,0
"161",415,0
"162",416,0
"163",417,0
"164",419,0
"165",420,0
"166",421,0
"167",423,0
"168",425,0
"169",428,0
"170",430,0
"171",431,0
"172",434,0
"173",435,0
"174",436,0
"175",437,0
"176",438,0
"177",442,0
"178",443,0
"179",444,0
"180",445,0
"181",447,0
"182",448,0
"183",451,0
"184",454,0
"185",455,0
"186",457,0
"187",458,0
"188",461,0
"189",462,0
"190",463,0
"191",466,0
"192",470,0
"193",471,0
"194",473,0
"195",477,0
"196",479,0
"197",480,0
"198",481,0
"199",482,0
"200",483,0
"201",489,0
"202",490,0
"203",492,0
"204",493,0
"205",494,0
"206",495,0
"207",496,0
"208",497,0
"209",498,0
"210",499,0
"211",503,0
"212",516,0
"213",518,0
"214",520,0
"215",521,0
"216",522,0
"217",523,0
"218",524,0
"219",526,0
"220",527,0
"221",528,0
"222",529,0
"223",532,0
"224",533,0
"225",534,0
"226",535,0
"227",537,0
"228",539,0
"229",544,0
"230",545,0
"231",548,0
"232",549,0
"233",550,0
"234",552,0
"235",555,0
"236",556,0
"237",558,0
"238",559,0
"239",561,0
"240",562,0
"241",563,0
"242",564,0
"243",565,0
"244",570,0
"245",571,0
"246",573,0
"247",574,0
"248",578,0
"249",586,0
"250",593,0
"251",598,0
"252",599,0
"253",607,0
"254",608,0
"255",609,0
"256",613,0
"257",614,0
"258",615,0
"259",617,0
"260",618,0
"261",620,0
"262",621,0
"263",622,0
"264",623,0
"265",624,0
"266",625,0
"267",627,0
"268",628,0
"269",629,0
"270",630,0
"271",631,0
"272",636,0
"273",637,0
"274",638,0
"275",640,0
"276",642,0
"277",644,0
"278",645,0
"279",646,0
"280",647,0
"281",649,0
"282",650,0
"283",651,0
"284",653,0
"285",654,0
"286",655,0
"287",659,0
"288",661,0
"289",662,0
"290",664,0
"291",665,0
"292",666,0
"293",667,0
"294",668,0
"295",669,0
"296",670,0
"297",671,0
"298",672,0
"299",673,0
"300",674,0
"301",675,0
"302",676,0
"303",678,0
"304",679,0
"305",680,0
"306",682,0
"307",684,0
"308",685,0
"309",686,0
"310",687,0
"311",696,0
"312",698,0
"313",702,0
"314",705,0
"315",706,0
"316",707,0
"317",710,0
"318",720,0
"319",725,0
"320",730,0
"321",731,0
"322",738,0
"323",741,0
"324",742,0
"325",743,0
"326",751,0
"327",754,0
"328",756,0
"329",759,0
"330",763,0
"331",764,0
"332",766,0
"333",768,0
"334",770,0
"335",772,0
"336",773,0
"337",774,0
"338",777,0
"339",779,0
"340",781,0
"341",783,0
"342",786,0
"343",789,0
"344",791,0
"345",792,0
"346",794,0
"347",796,0
"348",800,0
"349",801,0
"350",802,0
"351",803,0
"352",809,0
"353",811,0
"354",815,0
"355",816,0
"356",818,0
"357",819,0
"358",820,0
"359",822,0
"360",823,0
"361",824,0
"362",825,0
"363",834,0
"364",838,0
"365",839,0
"366",840,0
"367",845,0
"368",846,0
"369",850,0
"370",871,0
"371",872,0
"372",878,0
"373",880,0
"374",882,0
"375",883,0
"376",885,0
"377",888,0
"378",889,0
"379",890,0
"380",895,0
"381",896,0
"382",898,0
"383",908,0
"384",911,0
"385",913,0
"386",914,0
"387",919,0
"388",920,0
"389",921,0
"390",923,0
"391",927,0
"392",932,0
"393",938,0
"394",941,0
"395",943,0
"396",952,0
"397",953,0
"398",957,0
"399",958,0
"400",959,0
"401",960,0
"402",962,0
"403",963,0
"404",967,0
"405",969,0
"406",970,0
"407",971,0
"408",972,0
"409",973,0
"410",976,0
"411",977,0
"412",978,0
"413",984,0
"414",989,0
"415",990,0
"416",991,0
"417",993,0
"418",1000,0
"419",1001,0
"420",1004,0
"421",1011,0
"422",1012,0
"423",1015,0
"424",1017,0
"425",1018,0
"426",1019,0
"427",1023,0
"428",1024,0
"429",1026,0
"430",1031,0
"431",1034,0
"432",1038,0
"433",1043,0
"434",1044,0
"435",1049,0
"436",1051,0
"437",1055,0
"438",1058,0
"439",1059,0
"440",1062,0
"441",1063,0
"442",1065,0
"443",1068,0
"444",1070,0
"445",1074,0
"446",1076,0
"447",1080,0
"448",1091,0
"449",1092,0
"450",1094,0
"451",1098,0
"452",1099,0
"453",1101,0
"454",1104,0
"455",1109,0
"456",1115,0
"457",1120,0
"458",1121,0
"459",1122,0
"460",1123,0
"461",1124,0
"462",1127,0
"463",1128,0
"464",1129,0
"465",1130,0
"466",1134,0
"467",1141,0
"468",1145,0
"469",1153,0
"470",1154,0
"471",1163,0
"472",1164,0
"473",1165,0
"474",1173,0
"475",1174,0
"476",1176,0
"477",1177,0
"478",1178,0
"479",1179,0
"480",1181,0
"481",1182,0
"482",1187,0
"483",1188,0
"484",1193,0
"485",1198,0
"486",1204,0
"487",1210,0
"488",1212,0
"489",1225,0
"490",1226,0
"491",1233,0
"492",1234,0
"493",1235,0
"494",1237,0
"495",1239,0
"496",1242,0
"497",1245,0
"498",1247,0
"499",1248,0
"500",1249,0
"501",1251,0
"502",1252,0
"503",1253,0
"504",1254,0
"505",1255,0
"506",1256,0
"507",1257,0
"508",1258,0
"509",1263,0
"510",1264,0
"511",1266,0
"512",1267,0
"513",1268,0
"514",1270,0
"515",1271,0
"516",1272,0
"517",1275,0
"518",1283,0
"519",1284,0
"520",1285,0
"521",1286,0
"522",1288,0
"523",1289,0
"524",1290,0
"525",1291,0
"526",1292,0
"527",1293,0
"528",1294,0
"529",1295,0
"530",1299,0
"531",1302,0
"532",1303,0
"533",1305,0
"534",1312,0
"535",1313,0
"536",1314,0
"537",1315,0
"538",1320,0
"539",1321,0
"540",1322,0
"541",1323,0
"542",1324,0
"543",1327,0
"544",1331,0
"545",1332,0
"546",1333,0
"547",1334,0
"548",1345,0
"549",1347,0
"550",1351,0
"551",1353,0
"552",1354,0
"553",1356,0
"554",1357,0
"555",1359,0
"556",1362,0
"557",1363,0
"558",1364,0
"559",1365,0
"560",1366,0
"561",1371,0
"562",1372,0
"563",1381,0
"564",1394,0
"565",1395,0
"566",1396,0
"567",1399,0
"568",1400,0
"569",1402,0
"570",1404,0
"571",1406,0
"572",1407,0
"573",1408,0
"574",1412,0
"575",1413,0
"576",1414,0
"577",1415,0
"578",1416,0
"579",1417,0
"580",1418,0
"581",1419,0
"582",1420,0
"583",1421,0
"584",1424,0
"585",1425,0
"586",1428,0
"587",1430,0
"588",1431,0
"589",1432,0
"590",1434,0
"591",1436,0
"592",1439,0
"593",1441,0
"594",1444,0
"595",1445,0
"596",1446,0
"597",1450,0
"598",1454,0
"599",1455,0
"600",1456,0
"601",1457,0
"602",1458,0
"603",1467,0
"604",1469,0
"605",1476,0
"606",1478,0
"607",1481,0
"608",1482,0
"609",1484,0
"610",1485,0
"611",1490,0
"612",1492,0
"613",1493,0
"614",1494,0
"615",1495,0
"616",1496,0
"617",1497,0
"618",1498,0
"619",1499,0
"620",1500,0
"621",1502,0
"622",1503,0
"623",1504,0
"624",1505,0
"625",1506,0
"626",1507,0
"627",1508,0
"628",1509,0
"629",1510,0
"630",1512,0
"631",1513,0
"632",1514,0
"633",1515,0
"634",1516,0
"635",1519,0
"636",1521,0
"637",1523,0
"638",1527,0
"639",1528,0
"640",1530,0
"641",1531,0
"642",1533,0
"643",1534,0
"644",1536,0
"645",1538,0
"646",1540,0
"647",1542,0
"648",1543,0
"649",1547,0
"650",1550,0
"651",1551,0
"652",1553,0
"653",1554,0
"654",1558,0
"655",1566,0
"656",1578,0
"657",1579,0
"658",1580,0
"659",1592,0
"660",1598,0
"661",1600,0
"662",1603,0
"663",1609,0
"664",1610,0
"665",1612,0
"666",1613,0
"667",1632,0
"668",1633,0
"669",1639,0
"670",1643,0
"671",1646,0
"672",1647,0
"673",1653,0
"674",1663,0
"675",1664,0
"676",1665,0
"677",1667,0
"678",1674,0
"679",1679,0
"680",1681,0
"681",1682,0
"682",1687,0
"683",1692,0
"684",1694,0
"685",1703,0
"686",1707,0
"687",1708,0
"688",1711,0
"689",1713,0
"690",1715,0
"691",1716,0
"692",1721,0
"693",1723,0
"694",1724,0
"695",1726,0
"696",1727,0
"697",1742,0
"698",1745,0
"699",1747,0
"700",1748,0
"701",1750,0
"702",1751,0
"703",1757,0
"704",1758,0
"705",1760,0
"706",1762,0
"707",1763,0
"708",1767,0
"709",1768,0
"710",1771,0
"711",1776,0
"712",1779,0
"713",1788,0
"714",1795,0
"715",1798,0
"716",1799,0
"717",1802,0
"718",1803,0
"719",1804,0
"720",1805,0
"721",1806,0
"722",1808,0
"723",1813,0
"724",1820,0
"725",1824,0
"726",1825,0
"727",1827,0
"728",1833,0
"729",1841,0
"730",1843,0
"731",1849,0
"732",1850,0
"733",1851,0
"734",1858,0
"735",1859,0
"736",1862,0
"737",1864,0
"738",1866,0
"739",1871,0
"740",1873,0
"741",1881,0
"742",1882,0
"743",1886,0
"744",1887,0
"745",1892,0
"746",1895,0
"747",1897,0
"748",1902,0
"749",1903,0
"750",1904,0
"751",1908,0
"752",1912,0
"753",1916,0
"754",1920,0
"755",1922,0
"756",1936,0
"757",1937,0
"758",1938,0
"759",1939,0
"760",1943,0
"761",1946,0
"762",1949,0
"763",1956,0
"764",1957,0
"765",1958,0
"766",1959,0
"767",1963,0
"768",1966,0
"769",1979,0
"770",1980,0
"771",1985,0
"772",1992,0
"773",1993,0
"774",1996,0
"775",2001,0
"776",2003,0
"777",2011,0
"778",2012,0
"779",2013,0
"780",2016,0
"781",2019,0
"782",2021,0
"783",2025,0
"784",2026,0
"785",2029,0
"786",2032,0
"787",2036,0
"788",2038,0
"789",2042,0
"790",2046,0
"791",2047,0
"792",2049,0
"793",2050,0
"794",2052,0
"795",2054,0
"796",2058,0
"797",2060,0
"798",2063,0
"799",2064,0
"800",2073,0
"801",2076,0
"802",2078,0
"803",2080,0
"804",2083,0
"805",2089,0
"806",2090,0
"807",2092,0
"808",2095,0
"809",2098,0
"810",2104,0
"811",2105,0
"812",2109,0
"813",2110,0
"814",2111,0
"815",2115,0
"816",2117,0
"817",2119,0
"818",2123,0
"819",2128,0
"820",2130,0
"821",2133,0
"822",2134,0
"823",2136,0
"824",2137,0
"825",2142,0
"826",2143,0
"827",2144,0
"828",2146,0
"829",2148,0
"830",2156,0
"831",2160,0
"832",2166,0
"833",2168,0
"834",2171,0
"835",2172,0
"836",2173,0
"837",2176,0
"838",2177,0
"839",2180,0
"840",2181,0
"841",2182,0
"842",2183,0
"843",2184,0
"844",2190,0
"845",2191,0
"846",2192,0
"847",2200,0
"848",2201,0
"849",2203,0
"850",2204,0
"851",2205,0
"852",2206,0
"853",2208,0
"854",2209,0
"855",2210,0
"856",2214,0
"857",2216,0
"858",2218,0
"859",2219,0
"860",2220,0
"861",2221,0
"862",2222,0
"863",2224,0
"864",2228,0
"865",2231,0
"866",2232,0
"867",2233,0
"868",2235,0
"869",2237,0
"870",2238,0
"871",2239,0
"872",2241,0
"873",2243,0
"874",2244,0
"875",2247,0
"876",2249,0
"877",2251,0
"878",2252,0
"879",2253,0
"880",2254,0
"881",2255,0
"882",2261,0
"883",2263,0
"884",2267,0
"885",2268,0
"886",2269,0
"887",2270,0
"888",2272,0
"889",2273,0
"890",2274,0
"891",2276,0
"892",2277,0
"893",2279,0
"894",2280,0
"895",2282,0
"896",2284,0
"897",2285,0
"898",2288,0
"899",2292,0
"900",2293,0
"901",2294,0
"902",2298,0
"903",2299,0
"904",2305,0
"905",2308,0
"906",2309,0
"907",2311,0
"908",2313,0
"909",2318,0
"910",2319,0
"911",2321,0
"912",2322,0
"913",2323,0
"914",2324,0
"915",2326,0
"916",2334,0
"917",2335,0
"918",2336,0
"919",2342,0
"920",2343,0
"921",2350,0
"922",2351,0
"923",2353,0
"924",2355,0
"925",2360,0
"926",2365,0
"927",2366,0
"928",2370,0
"929",2378,0
"930",2379,0
"931",2385,0
"932",2389,0
"933",2390,0
"934",2391,0
"935",2393,0
"936",2394,0
"937",2397,0
"938",2403,0
"939",2404,0
"940",2406,0
"941",2408,0
"942",2409,0
"943",2411,0
"944",2417,0
"945",2419,0
"946",2423,0
"947",2426,0
"948",2427,0
"949",2434,0
"950",2436,0
"951",2439,0
"952",2443,0
"953",2444,0
"954",2447,0
"955",2448,0
"956",2449,0
"957",2451,0
"958",2453,0
"959",2454,0
"960",2455,0
"961",2456,0
"962",2458,0
"963",2460,0
"964",2461,0
"965",2462,0
"966",2465,0
"967",2467,0
"968",2468,0
"969",2470,0
"970",2471,0
"971",2472,0
"972",2477,0
"973",2478,0
"974",2479,0
"975",2481,0
"976",2482,0
"977",2483,0
"978",2484,0
"979",2485,0
"980",2486,0
"981",2489,0
"982",2493,0
"983",2494,0
"984",2497,0
"985",2498,0
"986",2500,0
"987",2501,0
"988",2502,0
"989",2503,0
"990",2505,0
"991",2506,0
"992",2511,0
"993",2513,0
"994",2516,0
"995",2518,0
"996",2522,0
"997",2523,0
"998",2526,0
"999",2533,0
"1000",2534,0
"1001",2535,0
"1002",2539,0
"1003",2540,0
"1004",2542,0
"1005",2543,0
"1006",2546,0
"1007",2559,0
"1008",2561,0
"1009",2562,0
"1010",2565,0
"1011",2566,0
"1012",2570,0
"1013",2571,0
"1014",2572,0
"1015",2573,0
"1016",2574,0
"1017",2577,0
"1018",2580,0
"1019",2581,0
"1020",2589,0
"1021",2590,0
"1022",2594,0
"1023",2595,0
"1024",2596,0
"1025",2599,0
"1026",2600,0
"1027",2602,0
"1028",2604,0
"1029",2605,0
"1030",2606,0
"1031",2607,0
"1032",2608,0
"1033",2609,0
"1034",2613,0
"1035",2615,0
"1036",2617,0
"1037",2619,0
"1038",2620,0
"1039",2622,0
"1040",2627,0
"1041",2629,0
"1042",2630,0
"1043",2633,0
"1044",2635,0
"1045",2642,0
"1046",2647,0
"1047",2648,0
"1048",2651,0
"1049",2652,0
"1050",2653,0
"1051",2655,0
"1052",2656,0
"1053",2660,0
"1054",2662,0
"1055",2664,0
"1056",2665,0
"1057",2667,0
"1058",2671,0
"1059",2673,0
"1060",2675,0
"1061",2676,0
"1062",2677,0
"1063",2678,0
"1064",2679,0
"1065",2680,0
"1066",2682,0
"1067",2687,0
"1068",2689,0
"1069",2690,0
"1070",2691,0
"1071",2694,0
"1072",2695,0
"1073",2698,0
"1074",2700,0
"1075",2701,0
"1076",2708,0
"1077",2712,0
"1078",2713,0
"1079",2714,0
"1080",2715,0
"1081",2721,0
"1082",2722,0
"1083",2725,0
"1084",2729,0
"1085",2733,0
"1086",2738,0
"1087",2739,0
"1088",2741,0
"1089",2750,0
"1090",2753,0
"1091",2755,0
"1092",2756,0
"1093",2757,0
"1094",2760,0
"1095",2761,0
"1096",2762,0
"1097",2766,0
"1098",2769,0
"1099",2770,0
"1100",2772,0
"1101",2775,0
"1102",2776,0
"1103",2777,0
"1104",2779,0
"1105",2780,0
"1106",2782,0
"1107",2783,0
"1108",2784,0
"1109",2785,0
"1110",2786,0
"1111",2787,0
"1112",2788,0
"1113",2789,0
"1114",2790,0
"1115",2792,0
"1116",2796,0
"1117",2797,0
"1118",2799,0
"1119",2800,0
"1120",2801,0
"1121",2802,0
"1122",2803,0
"1123",2804,0
"1124",2805,0
"1125",2806,0
"1126",2807,0
"1127",2808,0
"1128",2810,0
"1129",2811,0
"1130",2812,0
"1131",2815,0
"1132",2820,0
"1133",2821,0
"1134",2822,0
"1135",2823,0
"1136",2825,0
"1137",2828,0
"1138",2829,0
"1139",2830,0
"1140",2831,0
"1141",2832,0
"1142",2833,0
"1143",2834,0
"1144",2837,0
"1145",2839,0
"1146",2842,0
"1147",2843,0
"1148",2846,0
"1149",2847,0
"1150",2848,0
"1151",2849,0
"1152",2851,0
"1153",2852,0
"1154",2853,0
"1155",2854,0
"1156",2855,0
"1157",2856,0
"1158",2857,0
"1159",2858,0
"1160",2859,0
"1161",2863,0
"1162",2874,0
"1163",2879,0
"1164",2880,0
"1165",2881,0
"1166",2885,0
"1167",2886,0
"1168",2887,0
"1169",2888,0
"1170",2890,0
"1171",2893,0
"1172",2896,0
"1173",2897,0
"1174",2898,0
"1175",2899,0
"1176",2900,0
"1177",2901,0
"1178",2902,0
"1179",2903,0
"1180",2905,0
"1181",2906,0
"1182",2907,0
"1183",2909,0
"1184",2910,0
"1185",2911,0
"1186",2912,0
"1187",2913,0
"1188",2915,0
"1189",2916,0
"1190",2917,0
"1191",2922,0
"1192",2924,0
"1193",2925,0
"1194",2927,0
"1195",2928,0
"1196",2929,0
"1197",2930,0
"1198",2931,0
"1199",2932,0
"1200",2933,0
"1201",2936,0
"1202",2938,0
"1203",2940,0
"1204",2941,0
"1205",2942,0
"1206",2944,0
"1207",2945,0
"1208",2946,0
"1209",2947,0
"1210",2948,0
"1211",2949,0
"1212",2950,0
"1213",2951,0
"1214",2953,0
"1215",2954,0
"1216",2955,0
"1217",2956,0
"1218",2958,0
"1219",2960,0
"1220",2961,0
"1221",2962,0
"1222",2963,0
"1223",2964,0
"1224",2966,0
"1225",2967,0
"1226",2968,0
"1227",2969,0
"1228",2970,0
"1229",2973,0
"1230",2974,0
"1231",2975,0
"1232",2976,0
"1233",2977,0
"1234",2979,0
"1235",2980,0
"1236",2982,0
"1237",2983,0
"1238",2984,0
"1239",2985,0
"1240",2993,0
"1241",2996,0
"1242",2998,0
"1243",2999,0
"1244",3013,0
"1245",3014,0
"1246",3020,0
"1247",3021,0
"1248",3023,0
"1249",3027,0
"1250",3028,0
"1251",3034,0
"1252",3035,0
"1253",3036,0
"1254",3038,0
"1255",3039,0
"1256",3043,0
"1257",3044,0
"1258",3045,0
"1259",3046,0
"1260",3047,0
"1261",3049,0
"1262",3051,0
"1263",3052,0
"1264",3053,0
"1265",3054,0
"1266",3055,0
"1267",3056,0
"1268",3057,0
"1269",3059,0
"1270",3062,0
"1271",3063,0
"1272",3064,0
"1273",3066,0
"1274",3067,0
"1275",3068,0
"1276",3080,0
"1277",3081,0
"1278",3086,0
"1279",3087,0
"1280",3088,0
"1281",3099,0
"1282",3100,0
"1283",3101,0
"1284",3102,0
"1285",3103,0
"1286",3106,0
"1287",3112,0
"1288",3113,0
"1289",3115,0
"1290",3117,0
"1291",3118,0
"1292",3119,0
"1293",3121,0
"1294",3122,0
"1295",3127,0
"1296",3129,0
"1297",3130,0
"1298",3131,0
"1299",3132,0
"1300",3133,0
"1301",3134,0
"1302",3136,0
"1303",3138,0
"1304",3139,0
"1305",3140,0
"1306",3142,0
"1307",3143,0
"1308",3144,0
"1309",3145,0
"1310",3146,0
"1311",3148,0
"1312",3150,0
"1313",3153,0
"1314",3157,0
"1315",3159,0
"1316",3160,0
"1317",3161,0
"1318",3164,0
"1319",3165,0
"1320",3166,0
"1321",3167,0
"1322",3168,0
"1323",3170,0
"1324",3172,0
"1325",3173,0
"1326",3174,0
"1327",3175,0
"1328",3176,0
"1329",3177,0
"1330",3185,0
"1331",3189,0
"1332",3190,0
"1333",3199,0
"1334",3206,0
"1335",3207,0
"1336",3208,0
"1337",3213,0
"1338",3215,0
"1339",3216,0
"1340",3217,0
"1341",3219,0
"1342",3222,0
"1343",3225,0
"1344",3226,0
"1345",3227,0
"1346",3229,0
"1347",3230,0
"1348",3231,0
"1349",3232,0
"1350",3234,0
"1351",3235,0
"1352",3236,0
"1353",3237,0
"1354",3239,0
"1355",3247,0
"1356",3249,0
"1357",3251,0
"1358",3252,0
"1359",3253,0
"1360",3254,0
"1361",3255,0
"1362",3256,0
"1363",3257,0
"1364",3258,0
"1365",3259,0
"1366",3261,0
"1367",3263,0
"1368",3264,0
"1369",3265,0
"1370",3267,0
"1371",3268,0
"1372",3269,0
"1373",3270,0
"1374",3271,0
"1375",3275,0
"1376",3276,0
"1377",3278,0
"1378",3279,0
"1379",3280,0
"1380",3281,0
"1381",3283,0
"1382",3284,0
"1383",3286,0
"1384",3289,0
"1385",3290,0
"1386",3292,0
"1387",3294,0
"1388",3295,0
"1389",3296,0
"1390",3297,0
"1391",3298,0
"1392",3301,0
"1393",3302,0
"1394",3304,0
"1395",3306,0
"1396",3307,0
"1397",3309,0
"1398",3310,0
"1399",3311,0
"1400",3313,0
"1401",3314,0
"1402",3316,0
"1403",3319,0
"1404",3321,0
"1405",3326,0
"1406",3335,0
"1407",3339,0
"1408",3341,0
"1409",3342,0
"1410",3344,0
"1411",3345,0
"1412",3346,0
"1413",3347,0
"1414",3352,0
"1415",3354,0
"1416",3356,0
"1417",3357,0
"1418",3358,0
"1419",3359,0
"1420",3363,0
"1421",3367,0
"1422",3369,0
"1423",3371,0
"1424",3372,0
"1425",3373,0
"1426",3374,0
"1427",3375,0
"1428",3376,0
"1429",3377,0
"1430",3379,0
"1431",3380,0
"1432",3381,0
"1433",3382,0
"1434",3383,0
"1435",3384,0
"1436",3385,0
"1437",3389,0
"1438",3391,0
"1439",3392,0
"1440",3396,0
"1441",3397,0
"1442",3406,0
"1443",3408,0
"1444",3410,0
"1445",3411,0
"1446",3414,0
"1447",3417,0
"1448",3419,0
"1449",3423,0
"1450",3426,0
"1451",3429,0
"1452",3431,0
"1453",3432,0
"1454",3434,0
"1455",3435,0
"1456",3436,0
"1457",3437,0
"1458",3440,0
"1459",3446,0
"1460",3452,0
"1461",3453,0
"1462",3461,0
"1463",3462,0
"1464",3463,0
"1465",3464,0
"1466",3471,0
"1467",3472,0
"1468",3476,0
"1469",3480,0
"1470",3483,0
"1471",3485,0
"1472",3488,0
"1473",3489,0
"1474",3490,0
"1475",3491,0
"1476",3492,0
"1477",3493,0
"1478",3498,0
"1479",3500,0
"1480",3501,0
"1481",3505,0
"1482",3510,0
"1483",3522,0
"1484",3525,0
"1485",3526,0
"1486",3527,0
"1487",3531,0
"1488",3532,0
"1489",3534,0
"1490",3535,0
"1491",3537,0
"1492",3538,0
"1493",3545,0
"1494",3561,0
"1495",3562,0
"1496",3566,0
"1497",3572,0
"1498",3573,0
"1499",3576,0
"1500",3582,0
"1501",3584,0
"1502",3586,0
"1503",3587,0
"1504",3589,0
"1505",3590,0
"1506",3592,0
"1507",3593,0
"1508",3594,0
"1509",3595,0
"1510",3596,0
"1511",3598,0
"1512",3599,0
"1513",3605,0
"1514",3607,0
"1515",3608,0
"1516",3609,0
"1517",3611,0
"1518",3613,0
"1519",3614,0
"1520",3615,0
"1521",3616,0
"1522",3618,0
"1523",3619,0
"1524",3622,0
"1525",3625,0
"1526",3626,0
"1527",3628,0
"1528",3629,0
"1529",3634,0
"1530",3639,0
"1531",3640,0
"1532",3641,0
"1533",3643,0
"1534",3644,0
"1535",3645,0
"1536",3646,0
"1537",3648,0
"1538",3649,0
"1539",3651,0
"1540",3657,0
"1541",3660,0
"1542",3663,0
"1543",3664,0
"1544",3667,0
"1545",3669,0
"1546",3672,0
"1547",3673,0
"1548",3678,0
"1549",3679,0
"1550",3686,0
"1551",3687,0
"1552",3693,0
"1553",3703,0
"1554",3705,0
"1555",3706,0
"1556",3707,0
"1557",3716,0
"1558",3723,0
"1559",3727,0
"1560",3728,0
"1561",3730,0
"1562",3736,0
"1563",3737,0
"1564",3750,0
"1565",3752,0
"1566",3754,0
"1567",3757,0
"1568",3763,0
"1569",3768,0
"1570",3772,0
"1571",3774,0
"1572",3775,0
"1573",3776,0
"1574",3777,0
"1575",3780,0
"1576",3782,0
"1577",3787,0
"1578",3788,0
"1579",3791,0
"1580",3796,0
"1581",3799,0
"1582",3802,0
"1583",3805,0
"1584",3809,0
"1585",3810,0
"1586",3811,0
"1587",3812,0
"1588",3813,0
"1589",3814,0
"1590",3815,0
"1591",3816,0
"1592",3817,0
"1593",3818,0
"1594",3819,0
"1595",3822,0
"1596",3823,0
"1597",3830,0
"1598",3832,0
"1599",3836,0
"1600",3837,0
"1601",3838,0
"1602",3842,0
"1603",3843,0
"1604",3844,0
"1605",3845,0
"1606",3846,0
"1607",3848,0
"1608",3849,0
"1609",3850,0
"1610",3852,0
"1611",3854,0
"1612",3855,0
"1613",3856,0
"1614",3858,0
"1615",3859,0
"1616",3860,0
"1617",3861,0
"1618",3864,0
"1619",3866,0
"1620",3868,0
"1621",3869,0
"1622",3870,0
"1623",3879,0
"1624",3885,0
"1625",3889,0
"1626",3892,0
"1627",3894,0
"1628",3896,0
"1629",3897,0
"1630",3905,0
"1631",3914,0
"1632",3915,0
"1633",3917,0
"1634",3920,0
"1635",3921,0
"1636",3923,0
"1637",3924,0
"1638",3925,0
"1639",3926,0
"1640",3928,0
"1641",3929,0
"1642",3930,0
"1643",3934,0
"1644",3937,0
"1645",3938,0
"1646",3939,0
"1647",3940,0
"1648",3941,0
"1649",3943,0
"1650",3945,0
"1651",3946,0
"1652",3948,0
"1653",3952,0
"1654",3953,0
"1655",3956,0
"1656",3959,0
"1657",3966,0
"1658",3969,0
"1659",3971,0
"1660",3972,0
"1661",3973,0
"1662",3974,0
"1663",3975,0
"1664",3980,0
"1665",3981,0
"1666",3986,0
"1667",3989,0
"1668",3990,0
"1669",3991,0
"1670",3992,0
"1671",3994,0
"1672",3995,0
"1673",3997,0
"1674",3999,0
"1675",4000,0
"1676",4003,0
"1677",4006,0
"1678",4008,0
"1679",4010,0
"1680",4013,0
"1681",4014,0
"1682",4017,0
"1683",4018,0
"1684",4020,0
"1685",4021,0
"1686",4022,0
"1687",4023,0
"1688",4024,0
"1689",4025,0
"1690",4026,0
"1691",4027,0
"1692",4028,0
"1693",4032,0
"1694",4033,0
"1695",4036,0
"1696",4038,0
"1697",4041,0
"1698",4053,0
"1699",4055,0
"1700",4064,0
"1701",4067,0
"1702",4070,0
"1703",4072,0
"1704",4078,0
"1705",4084,0
"1706",4086,0
"1707",4087,0
"1708",4088,0
"1709",4089,0
"1710",4092,0
"1711",4093,0
"1712",4096,0
"1713",4097,0
"1714",4098,0
"1715",4099,0
"1716",4101,0
"1717",4113,0
"1718",4114,0
"1719",4115,0
"1720",4117,0
"1721",4118,0
"1722",4120,0
"1723",4122,0
"1724",4126,0
"1725",4129,0
"1726",4130,0
"1727",4132,0
"1728",4134,0
"1729",4143,0
"1730",4148,0
"1731",4149,0
"1732",4159,0
"1733",4161,0
"1734",4164,0
"1735",4165,0
"1736",4166,0
"1737",4167,0
"1738",4168,0
"1739",4169,0
"1740",4170,0
"1741",4171,0
"1742",4172,0
"1743",4173,0
"1744",4174,0
"1745",4175,0
"1746",4176,0
"1747",4177,0
"1748",4183,0
"1749",4186,0
"1750",4187,0
"1751",4190,0
"1752",4192,0
"1753",4194,0
"1754",4195,0
"1755",4196,0
"1756",4197,0
"1757",4198,0
"1758",4199,0
"1759",4201,0
"1760",4202,0
"1761",4206,0
"1762",4207,0
"1763",4209,0
"1764",4214,0
"1765",4215,0
"1766",4218,0
"1767",4219,0
"1768",4220,0
"1769",4221,0
"1770",4222,0
"1771",4223,0
"1772",4224,0
"1773",4228,0
"1774",4229,0
"1775",4235,0
"1776",4236,0
"1777",4237,0
"1778",4238,0
"1779",4239,0
"1780",4241,0
"1781",4242,0
"1782",4243,0
"1783",4244,0
"1784",4247,0
"1785",4250,0
"1786",4256,0
"1787",4257,0
"1788",4262,0
"1789",4267,0
"1790",4269,0
"1791",4271,0
"1792",4272,0
"1793",4273,0
"1794",4279,0
"1795",4285,0
"1796",4287,0
"1797",4288,0
"1798",4292,0
"1799",4293,0
"1800",4294,0
"1801",4295,0
"1802",4296,0
"1803",4297,0
"1804",4301,0
"1805",4310,0
"1806",4315,0
"1807",4318,0
"1808",4321,0
"1809",4322,0
"1810",4323,0
"1811",4324,0
"1812",4328,0
"1813",4329,0
"1814",4330,0
"1815",4331,0
"1816",4332,0
"1817",4339,0
"1818",4342,0
"1819",4343,0
"1820",4344,0
"1821",4345,0
"1822",4347,0
"1823",4348,0
"1824",4349,0
"1825",4352,0
"1826",4353,0
"1827",4356,0
"1828",4357,0
"1829",4362,0
"1830",4364,0
"1831",4365,0
"1832",4370,0
"1833",4371,0
"1834",4373,0
"1835",4380,0
"1836",4382,0
"1837",4383,0
"1838",4384,0
"1839",4385,0
"1840",4388,0
"1841",4391,0
"1842",4393,0
"1843",4399,0
"1844",4401,0
"1845",4403,0
"1846",4407,0
"1847",4409,0
"1848",4414,0
"1849",4417,0
"1850",4427,0
"1851",4430,0
"1852",4437,0
"1853",4438,0
"1854",4440,0
"1855",4441,0
"1856",4442,0
"1857",4447,0
"1858",4449,0
"1859",4456,0
"1860",4458,0
"1861",4459,0
"1862",4469,0
"1863",4471,0
"1864",4472,0
"1865",4473,0
"1866",4474,0
"1867",4475,0
"1868",4476,0
"1869",4477,0
"1870",4478,0
"1871",4479,0
"1872",4480,0
"1873",4481,0
"1874",4482,0
"1875",4485,0
"1876",4489,0
"1877",4490,0
"1878",4491,0
"1879",4493,0
"1880",4494,0
"1881",4495,0
"1882",4496,0
"1883",4497,0
"1884",4500,0
"1885",4501,0
"1886",4506,0
"1887",4508,0
"1888",4509,0
"1889",4516,0
"1890",4517,0
"1891",4521,0
"1892",4522,0
"1893",4523,0
"1894",4525,0
"1895",4526,0
"1896",4527,0
"1897",4529,0
"1898",4530,0
"1899",4532,0
"1900",4534,0
"1901",4535,0
"1902",4537,0
"1903",4539,0
"1904",4544,0
"1905",4548,0
"1906",4557,0
"1907",4558,0
"1908",4563,0
"1909",4564,0
"1910",4566,0
"1911",4567,0
"1912",4568,0
"1913",4569,0
"1914",4570,0
"1915",4571,0
"1916",4573,0
"1917",4574,0
"1918",4575,0
"1919",4576,0
"1920",4579,0
"1921",4580,0
"1922",4582,0
"1923",4583,0
"1924",4584,0
"1925",4585,0
"1926",4586,0
"1927",4588,0
"1928",4590,0
"1929",4591,0
"1930",4593,0
"1931",4594,0
"1932",4597,0
"1933",4598,0
"1934",4600,0
"1935",4603,0
"1936",4606,0
"1937",4609,0
"1938",4610,0
"1939",4611,0
"1940",4612,0
"1941",4614,0
"1942",4616,0
"1943",4621,0
"1944",4622,0
"1945",4625,0
"1946",4628,0
"1947",4629,0
"1948",4630,0
"1949",4631,0
"1950",4632,0
"1951",4633,0
"1952",4641,0
"1953",4643,0
"1954",4645,0
"1955",4652,0
"1956",4654,0
"1957",4655,0
"1958",4659,0
"1959",4661,0
"1960",4664,0
"1961",4665,0
"1962",4666,0
"1963",4667,0
"1964",4668,0
"1965",4669,0
"1966",4670,0
"1967",4671,0
"1968",4672,0
"1969",4673,0
"1970",4674,0
"1971",4676,0
"1972",4677,0
"1973",4678,0
"1974",4679,0
"1975",4680,0
"1976",4681,0
"1977",4682,0
"1978",4683,0
"1979",4684,0
"1980",4685,0
"1981",4686,0
"1982",4687,0
"1983",4688,0
"1984",4689,0
"1985",4690,0
"1986",4691,0
"1987",4699,0
"1988",4703,0
"1989",4709,0
"1990",4714,0
"1991",4719,0
"1992",4724,0
"1993",4728,0
"1994",4733,0
"1995",4734,0
"1996",4735,0
"1997",4736,0
"1998",4737,0
"1999",4745,0
"2000",4751,0
"2001",4752,0
"2002",4754,0
"2003",4755,0
"2004",4756,0
"2005",4762,0
"2006",4763,0
"2007",4764,0
"2008",4765,0
"2009",4778,0
"2010",4781,0
"2011",4782,0
"2012",4783,0
"2013",4785,0
"2014",4786,0
"2015",4788,0
"2016",4789,0
"2017",4790,0
"2018",4793,0
"2019",4795,0
"2020",4796,0
"2021",4800,0
"2022",4802,0
"2023",4804,0
"2024",4805,0
"2025",4808,0
"2026",4809,0
"2027",4810,0
"2028",4811,0
"2029",4812,0
"2030",4814,0
"2031",4816,0
"2032",4817,0
"2033",4819,0
"2034",4820,0
"2035",4824,0
"2036",4826,0
"2037",4827,0
"2038",4829,0
"2039",4831,0
"2040",4836,0
"2041",4837,0
"2042",4840,0
"2043",4841,0
"2044",4842,0
"2045",4843,0
"2046",4844,0
"2047",4845,0
"2048",4846,0
"2049",4854,0
"2050",4857,0
"2051",4859,0
"2052",4861,0
"2053",4862,0
"2054",4864,0
"2055",4868,0
"2056",4869,0
"2057",4870,0
"2058",4873,0
"2059",4874,0
"2060",4877,0
"2061",4880,0
"2062",4886,0
"2063",4905,0
"2064",4906,0
"2065",4907,0
"2066",4908,0
"2067",4909,0
"2068",4911,0
"2069",4912,0
"2070",4913,0
"2071",4919,0
"2072",4923,0
"2073",4925,0
"2074",4929,0
"2075",4930,0
"2076",4932,0
"2077",4936,0
"2078",4937,0
"2079",4938,0
"2080",4939,0
"2081",4940,0
"2082",4941,0
"2083",4942,0
"2084",4947,0
"2085",4948,0
"2086",4949,0
"2087",4952,0
"2088",4954,0
"2089",4958,0
"2090",4959,0
"2091",4961,0
"2092",4963,0
"2093",4969,0
"2094",4972,0
"2095",4977,0
"2096",4982,0
"2097",4987,0
"2098",4990,0
"2099",4995,0
"2100",4997,0
"2101",4998,0
"2102",5000,0
"2103",5002,0
"2104",5003,0
"2105",5004,0
"2106",5012,0
"2107",5013,0
"2108",5015,0
"2109",5016,0
"2110",5017,0
"2111",5018,0
"2112",5019,0
"2113",5020,0
"2114",5021,0
"2115",5022,0
"2116",5023,0
"2117",5028,0
"2118",5029,0
"2119",5030,0
"2120",5031,0
"2121",5035,0
"2122",5036,0
"2123",5037,0
"2124",5038,0
"2125",5041,0
"2126",5043,0
"2127",5044,0
"2128",5045,0
"2129",5046,0
"2130",5050,0
"2131",5052,0
"2132",5053,0
"2133",5063,0
"2134",5064,0
"2135",5065,0
"2136",5066,0
"2137",5069,0
"2138",5071,0
"2139",5078,0
"2140",5079,0
"2141",5083,0
"2142",5084,0
"2143",5085,0
"2144",5087,0
"2145",5088,0
"2146",5099,0
"2147",5100,0
"2148",5102,0
"2149",5105,0
"2150",5106,0
"2151",5108,0
"2152",5109,0
"2153",5119,0
"2154",5124,0
"2155",5126,0
"2156",5127,0
"2157",5128,0
"2158",5129,0
"2159",5130,0
"2160",5133,0
"2161",5140,0
"2162",5149,0
"2163",5151,0
"2164",5152,0
"2165",5156,0
"2166",5159,0
"2167",5160,0
"2168",5161,0
"2169",5162,0
"2170",5163,0
"2171",5164,0
"2172",5165,0
"2173",5169,0
"2174",5175,0
"2175",5176,0
"2176",5193,0
"2177",5194,0
"2178",5198,0
"2179",5207,0
"2180",5208,0
"2181",5220,0
"2182",5221,0
"2183",5222,0
"2184",5223,0
"2185",5226,0
"2186",5244,0
"2187",5245,0
"2188",5246,0
"2189",5248,0
"2190",5250,0
"2191",5252,0
"2192",5253,0
"2193",5254,0
"2194",5255,0
"2195",5256,0
"2196",5257,0
"2197",5258,0
"2198",5260,0
"2199",5261,0
"2200",5262,0
"2201",5263,0
"2202",5275,0
"2203",5277,0
"2204",5278,0
"2205",5284,0
"2206",5285,0
"2207",5290,0
"2208",5295,0
"2209",5296,0
"2210",5297,0
"2211",5299,0
"2212",5303,0
"2213",5304,0
"2214",5307,0
"2215",5314,0
"2216",5327,0
"2217",5348,0
"2218",5349,0
"2219",5350,0
"2220",5353,0
"2221",5357,0
"2222",5359,0
"2223",5362,0
"2224",5368,0
"2225",5369,0
"2226",5373,0
"2227",5374,0
"2228",5375,0
"2229",5383,0
"2230",5384,0
"2231",5386,0
"2232",5398,0
"2233",5399,0
"2234",5401,0
"2235",5411,0
"2236",5412,0
"2237",5413,0
"2238",5417,0
"2239",5418,0
"2240",5419,0
"2241",5424,0
"2242",5428,0
"2243",5440,0
"2244",5446,0
"2245",5447,0
"2246",5449,0
"2247",5458,0
"2248",5460,0
"2249",5461,0
"2250",5462,0
"2251",5463,0
"2252",5464,0
"2253",5465,0
"2254",5466,0
"2255",5467,0
"2256",5468,0
"2257",5469,0
"2258",5474,0
"2259",5475,0
"2260",5476,0
"2261",5478,0
"2262",5479,0
"2263",5484,0
"2264",5485,0
"2265",5486,0
"2266",5496,0
"2267",5498,0
"2268",5499,0
"2269",5500,0
"2270",5502,0
"2271",5504,0
"2272",5505,0
"2273",5506,0
"2274",5507,0
"2275",5508,0
"2276",5509,0
"2277",5510,0
"2278",5516,0
"2279",5520,0
"2280",5522,0
"2281",5523,0
"2282",5526,0
"2283",5527,0
"2284",5529,0
"2285",5532,0
"2286",5537,0
"2287",5540,0
"2288",5546,0
"2289",5547,0
"2290",5550,0
"2291",5551,0
"2292",5552,0
"2293",5555,0
"2294",5557,0
"2295",5561,0
"2296",5562,0
"2297",5577,0
"2298",5579,0
"2299",5580,0
"2300",5591,0
"2301",5602,0
"2302",5603,0
"2303",5604,0
"2304",5605,0
"2305",5607,0
"2306",5610,0
"2307",5611,0
"2308",5615,0
"2309",5616,0
"2310",5617,0
"2311",5622,0
"2312",5626,0
"2313",5632,0
"2314",5633,0
"2315",5637,0
"2316",5638,0
"2317",5639,0
"2318",5643,0
"2319",5645,0
"2320",5650,0
"2321",5651,0
"2322",5653,0
"2323",5654,0
"2324",5657,0
"2325",5658,0
"2326",5660,0
"2327",5661,0
"2328",5662,0
"2329",5664,0
"2330",5675,0
"2331",5677,0
"2332",5679,0
"2333",5681,0
"2334",5689,0
"2335",5698,0
"2336",5699,0
"2337",5700,0
"2338",5701,0
"2339",5703,0
"2340",5704,0
"2341",5707,0
"2342",5708,0
"2343",5713,0
"2344",5719,0
